user_login,cluster,umap_x,umap_y
a42147,12,-5.4018607,-3.980314
aabeills,2,-3.3447745,-4.656108
aargon,1,-5.598045,-7.8497877
abnerino,4,-6.474101,-5.882765
abrantes,4,-6.395605,-5.962543
acsga,5,-3.7746162,-2.5820544
actias_cleo,3,-12.683123,-2.893237
adamfromcanada,7,-6.1219554,-10.455747
adelgicio,12,-7.167244,-3.2928507
ademir25,3,-12.653195,-2.6002958
adriana_furim,3,-12.388529,-2.4253972
adrianachagas,11,-2.7270088,-1.7025735
adrianapereira,5,-4.086957,-1.5906001
adrianfaria,4,-5.309627,-4.449702
adriano_klauss,1,-4.028783,-5.8269606
aequoreavictoria,10,-1.5994012,-5.381982
aezanne,8,-2.2046223,-8.33965
afonsomenegola,8,-3.2810988,-8.392938
agatha_dorte,3,-12.089034,-2.6744554
aguara_fusalario,8,-2.745124,-7.1828184
aguara_guazu,5,-4.9938965,-2.521804
agujaceratops,9,-8.699965,-4.402888
aj2359,1,-5.623234,-7.905983
akcz19,5,-3.9259856,-3.202982
alan420,1,-5.6242867,-7.8911977
alan_rafael_santos,4,-6.3796134,-5.751397
alandolopes,7,-4.9167223,-9.371911
ale1973,9,-7.2831564,-4.897925
ale_murra152,1,-5.1365294,-7.3756933
aleeborin,7,-5.7976947,-10.811112
alejo17,1,-4.7409186,-6.4971533
alelolelola,5,-5.0298786,-2.4509692
aleravailhe,11,-3.1444898,-1.4865378
alessandra27734,4,-6.804059,-5.592539
alessandra60327,0,-6.628079,-7.2333617
alessandra90329,1,-3.615906,-7.471933
alessandradalia,5,-3.9289029,-2.6317973
alessandro_lourenco,4,-6.5622163,-5.674034
alessandroabreu,4,-4.982988,-4.276131
alessandrodealmeida,7,-5.8128896,-10.889014
alessandrodm,1,-4.512825,-8.326766
alex_desantossp,3,-12.68735,-2.4832125
alexandra1111,12,-5.9177628,-3.392517
alexandra43345,1,-4.9222245,-6.5690246
alexandratgloria,3,-12.904524,-2.5880702
alexandre-simeone,13,-6.1688013,-1.0134262
alexandre167,7,-5.242039,-10.139893
alexandre_lourenco,9,-7.474493,-4.7575665
alexandreconstanti,12,-6.1606326,-2.8665192
alexandrema59,1,-5.3947387,-7.6049166
alexbio1,8,-2.9376242,-8.01836
alexhenrique,8,-2.365239,-8.49804
alexkessock,7,-6.1473656,-10.303998
alexsatorres,11,-1.6578627,-2.1930277
alice1031,12,-7.2254853,-3.2657819
alicerocha,12,-6.0018177,-3.4146857
aline18942,2,-1.6051441,-3.603454
aline_juquery,12,-6.583322,-2.8999345
alinehorikawa,7,-5.3202963,-10.122619
alinelisboadl,0,-7.6026874,-6.9059134
alison43815,3,-12.801533,-2.620266
alison72,8,-2.8172224,-8.483171
alisonnelson,1,-5.099887,-7.386118
alithiamelo,11,-2.8908613,-2.5515358
allan240120,2,-3.155761,-4.9075847
allan40,9,-7.279475,-3.7753177
allancle,9,-6.7100077,-4.864297
allantnunes,1,-3.950691,-5.9946084
allfeh,4,-5.280543,-4.4487762
altarugio,1,-5.142177,-7.413962
aluizio,8,-2.665446,-8.631275
alves_g_p,13,-6.00162,-1.3330194
alvesjp_biousp,5,-5.001645,-2.4334764
amanagatti,13,-6.3553257,-1.1870877
amanda65938,11,-2.8876488,-2.567863
amanda_sousa,3,-12.320831,-3.1509657
amandacerqueira,2,-3.29958,-4.6831455
amandaduarte,12,-7.2819233,-3.5620077
amar_iana,3,-13.412117,-2.484559
amber777,11,-3.199265,-1.5028626
amsaraiva,5,-4.72282,-3.825254
ana1803,9,-7.684438,-4.766221
ana_carolina38,0,-7.917789,-7.8550763
ana_clara24300,3,-12.7011795,-2.5429397
ana_luna,3,-13.077781,-2.8974009
anabdepaulo,4,-6.4426136,-6.7983646
anacamkw,5,-3.904293,-3.2394524
anacavallet,1,-4.742372,-6.402052
anaclaudia2,9,-7.2086086,-3.8348165
anacristinalugli,5,-3.813191,-2.574953
anafortes,7,-4.6065125,-9.898183
anaghion,11,-2.7686908,-1.5773817
anahi_quispe,9,-7.9146895,-5.477043
anaisprs,12,-6.2401752,-2.8182259
anajp,10,-1.0993398,-5.955172
analetcia2,3,-12.825046,-3.043617
analha,7,-5.599925,-10.8102
analuizamartire,2,-2.161639,-3.5099678
anamuriel,10,-1.0776634,-6.008296
anapaula6,4,-6.6382823,-5.841185
andersonl,4,-6.3659496,-5.921983
andr216,0,-9.077467,-7.0761065
andre_ambrozio,3,-12.343527,-2.97756
andre_kratz_cipriano,10,-1.3521035,-6.5314565
andre_rc,7,-6.108279,-10.453961
andre_saibra,0,-8.458863,-7.012451
andreaab,13,-6.1176124,-0.9667686
andreakautz,7,-6.8722224,-9.110897
andreaprado,8,-2.725071,-8.492253
andrebeckersaidenberg,2,-2.750422,-4.3241034
andrebenedito,12,-5.980262,-3.4489548
andrebenincasa,3,-12.860867,-2.5423872
andrei168,10,-1.7876204,-5.2138796
andreia146,1,-3.775921,-5.825509
andreiaoliveira,1,-3.6836114,-5.991895
andresegatto,6,1.1623563,-3.2139215
andressa98,4,-4.6138854,-4.890286
andressa_mzerbinatti,4,-6.4737077,-4.8558493
andressa_xavier,3,-12.908621,-2.7920446
andressafolly,6,0.24621375,-4.7924967
andressalapa,3,-12.670611,-2.5306406
andressaninin,8,-2.1655383,-8.000102
andretostes,7,-4.687164,-9.006131
andriikh,7,-6.150863,-10.307831
andrseabra,12,-7.147596,-3.2473624
andy56925,1,-4.8263226,-6.536978
andynino,12,-5.825841,-3.3375614
andypitt,1,-4.936656,-6.750219
angela46195,7,-5.1663423,-10.1225
angelamizumoto,2,-3.2831342,-4.570107
angelicasugieda,1,-3.931828,-7.3800154
angelosnk,3,-12.748005,-2.7762556
aninha12,6,1.551888,-3.0798545
anna__14,7,-6.9058676,-9.138857
annaengelke,5,-5.0231175,-2.5832794
annakobayashi,13,-6.1760488,-0.9633836
annika_24,6,1.5219598,-3.0601077
anny-chopie,7,-4.594454,-9.87137
antonio1120,1,-4.806466,-6.5344715
antonio_carlos82546,8,-2.6410408,-8.672278
antonio_ribeiro,3,-12.514124,-2.6011133
antonio_silveira,4,-5.102227,-4.4025702
antoniodb,0,-9.465082,-6.6636276
antoniofrancisco,9,-7.217172,-3.9291794
antoniomarinjr,9,-7.391597,-3.7941768
antonioripoll_,11,-3.077305,-1.5833722
anudibranchmom,0,-6.602955,-7.5007353
apids,8,-2.7506382,-8.688548
aranda_ta,0,-6.620517,-7.536817
arangues,0,-9.480722,-6.6444693
ararauna,0,-9.438102,-7.1527214
argelmartha,0,-8.997359,-7.015283
argosgiampietro,5,-5.064737,-2.4554784
ari80711,6,1.5410527,-3.0706367
ariellebh,9,-7.637685,-4.4910583
arieltandello,13,-6.316053,-0.71190596
ariesphinx,1,-4.0819416,-5.8688593
arminl,8,-2.1207132,-8.296297
arperes,12,-6.2513676,-2.9311686
artemis_1138,8,-3.2639947,-7.7107563
arthur-bruck,12,-5.793367,-3.3309605
arthur31368,1,-4.9903145,-6.5403438
arthur6324,11,-1.677464,-2.1958213
arthur88047,0,-7.9764767,-7.9777355
arthur_silva_andrade,4,-6.4878592,-6.799131
arthurbitar,5,-4.319014,-1.4971558
arthurpfuri,5,-5.137224,-2.440108
arthursilva_brasil,1,-4.0561957,-5.945445
asaboniyi,8,-2.5922556,-7.3553014
ash_ash,0,-8.013551,-7.74958
ashthetree,7,-5.6247754,-10.810873
aspencaim,5,-3.9743767,-2.6460583
astorgabi,1,-4.07513,-5.8361745
augustomatheus,2,-2.9178092,-4.2787337
augustonunes,5,-4.0102353,-3.2848876
augustovetbio,5,-3.8841183,-2.59526
auro2025,3,-12.861758,-2.7361653
avanyan,11,-1.662089,-2.2380686
aviao,5,-4.3979006,-1.6627858
b7br,1,-5.021945,-6.3866057
bacurau_,4,-5.4053774,-4.570841
balbertini,10,-1.2911912,-5.432648
baldin_rafaa,5,-4.3701596,-1.6075846
barbara24460,8,-3.6517856,-8.150278
barbara83197,2,-2.2346566,-3.6137466
barbara95393,9,-8.653982,-4.441047
barbara_amaral,5,-3.9347649,-3.1571827
barbarateixeiracosta,5,-4.3212748,-1.4895173
barbosa,0,-9.508135,-6.6154165
bariza,8,-2.1691387,-8.163971
batatalherme,8,-3.3366802,-8.343703
batemanhl,1,-5.1164675,-7.382573
bauerovavajner,7,-5.3260984,-10.220981
baumspez,8,-3.451789,-8.311438
bbergmann83,7,-6.103546,-10.340064
bchica,5,-5.011169,-2.4063275
bcostanzo,10,-1.1736846,-6.0122495
be_volpi,1,-4.982504,-6.538198
bearingsouth,9,-7.8887944,-4.7189126
beashiro,8,-2.0927458,-8.268502
beatriz-maria,4,-6.1873145,-6.030888
beatriz_buzone,13,-5.9953847,-0.72318214
beatriz_garcia,8,-1.3863801,-7.410902
beatrizbedin,4,-6.440457,-5.8463397
beatrizcardenete,10,-1.3809763,-6.614198
beavisnail,7,-6.906024,-9.063503
bebelzeras,9,-7.3616185,-3.916042
becca_marcondes,6,0.3402256,-4.9096217
bella_4,2,-1.5128278,-3.6488316
benio,7,-6.908147,-9.062862
benlocco,4,-6.682986,-5.722697
bernardomussoi,8,-3.0273075,-7.389896
bernardovailati,10,-1.4795558,-6.549081
bertholdivivi,0,-9.53795,-6.516974
betenheuserfotografia,4,-4.613946,-4.495312
beth_cr,7,-5.2497673,-10.195147
bex_linnye,8,-2.6096835,-8.54127
bia_p,11,-2.7812853,-1.5916477
biancafdos,12,-6.2702117,-2.9076016
biastein,0,-8.0393715,-7.9726753
biel3,10,-1.5285815,-5.3719144
biel32496,3,-12.830489,-3.0025387
biel41835,6,0.2607982,-4.8195496
bielbirdwatcher,4,-5.0417914,-4.610004
bielreis,5,-4.562313,-3.7237754
bieo2704,10,-1.1411629,-5.8493466
biiacirino,11,-3.1266375,-2.7434964
biih1,0,-9.480273,-7.1158333
bio_logico,2,-1.5546261,-3.6363058
bio_matt,2,-3.776137,-4.619473
biogu,7,-5.9376583,-10.679988
biokarina,3,-12.351472,-2.9419894
biologiadfs,4,-5.4784317,-5.0205693
biologomessias,8,-3.2973628,-7.9093685
biopaschoal,0,-8.070667,-7.6311483
biopic,13,-6.1506014,-1.0962106
biorootses,0,-6.6531234,-7.478366
biovale-sc,7,-5.3715205,-10.361866
bisnilo,9,-8.05035,-5.306416
bizzo,1,-3.779407,-5.8373384
black_moth,10,-2.4526265,-6.1772404
blackwolf842,7,-5.6031857,-10.817561
bliplopes,6,0.99999845,-3.2994444
blondfox,5,-3.8910184,-2.9424717
bmtomotani,1,-4.9474745,-7.286157
bobuko,1,-4.7829423,-6.621496
boza2019,1,-4.8590417,-6.5971317
brazilnuts,3,-12.970911,-2.1077511
bremenkamp,12,-6.1526594,-3.5480118
brendon23617,11,-1.6671426,-2.214688
brianwilliams1,1,-5.4885054,-7.859745
brnlvr_,11,-2.8903055,-2.6170423
bru_s_alves,0,-6.6597114,-7.4737825
brudemp,3,-12.64126,-2.0577917
bruna371,0,-8.260995,-6.5832977
bruna60,10,-1.5365807,-5.3808346
bruna_antunes,1,-3.9688315,-5.8403587
bruna_tocalino,10,-2.4595792,-6.0089607
brunaksilva,1,-4.0677934,-7.563132
brunapaino,4,-5.1994557,-5.1323724
brunasantos,0,-9.316275,-6.572413
bruno15102,0,-7.5786667,-7.443171
bruno25,8,-3.1399176,-7.963412
bruno35532,10,-1.1052566,-6.0190053
bruno500,11,-2.9058893,-2.5653284
bruno680,5,-4.6454735,-4.1941795
bruno_aiello,12,-5.8628526,-3.682402
bruno_lima,3,-12.741164,-2.9800425
brunoalbertini,11,-1.6867493,-2.207387
brunocorrea,9,-7.1817727,-3.9448895
brunoguerra,3,-12.737901,-2.770024
brunojardim,0,-9.612058,-6.8509927
brunoluka,4,-5.280232,-4.4366736
brunomoller_brm,2,-2.5491276,-3.447783
brunooliani,4,-4.473554,-5.347584
brunoonurb,12,-6.1552176,-3.5062244
brunopaulo,0,-9.061714,-7.0720997
brunothedpaula,10,-1.6651545,-4.961811
brunowski,1,-5.1654606,-7.3667293
bsa_bruna,0,-9.472946,-7.102147
bschneider,4,-4.918768,-4.56368
bslvra,4,-4.6031036,-4.8936644
bstarinchak,0,-9.474972,-7.1244087
bug-eyes,1,-4.9134398,-6.5368986
bug_ecology,6,1.0203167,-3.2822528
buruno_98,0,-8.891809,-7.1380076
bzkies15,1,-4.973366,-6.4680734
cabenitez,10,-1.473384,-4.9610987
cabral154,12,-5.3353114,-3.9795847
caciano,10,-1.420201,-4.8841352
cacocardoso,6,1.452349,-3.0803864
cactusazul,3,-12.812638,-2.9391956
cadeafotoisa,4,-6.072914,-5.5503755
caf3,7,-4.853534,-9.338402
caio2642,3,-12.657428,-3.388404
caio33,8,-1.456698,-7.5291195
caio62,8,-2.4778178,-7.8014717
caio_oliveira1,12,-6.042086,-3.5429418
caio_pompeu,10,-2.538683,-5.6454062
caiogracoadventure,3,-12.594839,-3.4168568
caiolopes,6,0.2592325,-4.831122
caionalopes,12,-5.846528,-3.217676
caionassar,10,-1.5084745,-5.330303
caique12,3,-12.630264,-2.0570614
caja-manga,9,-8.052639,-5.4374895
caju,3,-12.406047,-3.10786
caline_19,0,-7.987575,-7.89249
camazine,1,-5.1894345,-7.278372
camdejong,8,-3.1323698,-8.233238
camila26394,5,-4.9987316,-2.4459095
camila574,1,-4.924302,-6.523678
camila648,12,-5.8902736,-3.4434447
camila71538,10,-2.96944,-5.9405246
camila930,10,-1.4449329,-5.340787
camila_cintra,0,-7.9246683,-7.977875
camilafernandes,3,-12.708511,-2.060521
camilaroethig,0,-8.934426,-7.1389146
camis,10,-1.7675055,-4.9909368
camoura,10,-3.2445657,-5.890008
cangurueletrico,2,-1.7882956,-3.544333
canizela,8,-3.185235,-7.9408035
capbarba,1,-4.7383037,-6.480375
capitorodrigo,8,-2.7805254,-8.747717
capybara1357,0,-8.425594,-6.935666
cardiego,11,-2.8244545,-1.6589034
carina_dust,0,-9.462561,-6.444365
carlobrescia,0,-6.6202426,-7.5529213
carlos_gabas,13,-6.0404253,-0.7864893
carloseduardospe,1,-5.3673935,-6.6132374
carlosferreira2,9,-7.3330584,-3.6736739
carloshmabreu,9,-7.093493,-5.2815933
carlospiresbr,10,-1.628705,-5.296901
carmen624,6,1.5200937,-3.061118
carol190,9,-8.09391,-5.4652963
carol1910,4,-5.4227443,-5.096885
carolete,7,-6.066991,-10.34827
carolfarhat,10,-1.5229187,-5.4205465
carolina10,8,-3.1619887,-7.939826
carolina711,10,-2.5229006,-5.713975
carolina_86,5,-4.143228,-4.3152966
carolina_franco,3,-12.648424,-2.0198948
caroline_machado,5,-3.9096274,-2.6234696
caroliniat,3,-12.716616,-2.6572173
carolinni,0,-8.864413,-7.1447473
carolmoreira,0,-8.081365,-7.6451387
caroltorres,8,-2.438534,-8.631966
carolyne1,1,-5.4859614,-7.7943482
carrieseltzer,0,-9.603271,-6.9565945
cassianosilva,7,-5.73506,-10.759734
cassim,4,-6.7836485,-5.701553
cassio14,13,-6.2013874,-1.06257
cassio14128,3,-13.177882,-2.8490558
catarine,0,-9.280687,-7.151381
cataws,7,-5.7110553,-10.900456
catazulur,2,-3.1606977,-4.239639
caua_martinelli,8,-1.3133413,-7.238504
caue_caciagli,2,-2.143311,-3.508351
cauefhillip,3,-12.70757,-2.8745444
cauoliv,9,-7.506818,-4.9206495
cavalcantir,0,-9.492197,-7.0159407
cbehan,7,-5.3468885,-10.271239
cdrstephen,8,-2.6223738,-8.562069
cebgussoni,4,-5.940991,-5.037976
cecimartins,10,-1.5286078,-5.3706965
celiamaria,8,-2.4417145,-7.297333
cesonha,8,-2.686898,-7.169454
cg_constantine,9,-7.1839223,-5.3241863
charlesavenengo,6,0.9026171,-3.3376663
chatonov,4,-5.2581754,-4.552365
chentian,3,-12.747183,-2.4982731
cheryl356,7,-5.895252,-10.639147
chicobtw,2,-2.5042028,-3.4619162
chirobru,3,-12.171127,-2.6954982
choseungyoun,7,-5.654065,-10.868372
chriscolombia,8,-2.772004,-7.22496
christian_bangerter,9,-7.642542,-4.7766023
christianature,3,-13.013114,-2.2973604
christopherspiteri,7,-5.21969,-10.125365
chriswyatt1,8,-3.0700374,-8.221655
chubbyvegan,12,-5.7903514,-3.285552
cibelecoelhoaugusto,3,-12.962146,-2.9043496
cidawerneck,8,-2.7384472,-8.737903
cientistasoutdoor,13,-6.0386724,-0.7280224
cintiabadaro,1,-4.9852114,-6.480461
circe_13,3,-13.41998,-2.4951706
clara_obelenis,6,1.109893,-3.2280433
claraceni,2,-1.5375938,-3.6604
clau_martins,7,-5.7229004,-10.712661
claudia_mermelstein,8,-2.6408117,-8.69691
claudiafz,8,-2.3453052,-8.607476
claudio490,8,-2.1419725,-8.463313
claudiolemos,7,-5.8247705,-10.791037
claudiomartins,1,-5.014611,-7.345982
clelgen,12,-5.3528438,-4.00001
clem-vk,7,-5.6187696,-10.857612
clive_malta,11,-2.8593946,-2.5874453
cloretodesodio,0,-8.001825,-7.816651
cmcunha,3,-13.00154,-2.8924313
cmillan,9,-7.2385206,-4.6608076
cnmodesto,7,-5.701612,-10.790946
comenius,10,-2.459636,-5.7780085
conifera,13,-5.9927673,-0.72912157
conradopavel,8,-2.1669357,-8.474651
cortez_mbl,4,-6.8187647,-5.7066393
cowaiibutters,13,-6.2319684,-1.0672067
coyotefan,7,-5.5877376,-10.599641
crax,3,-12.488496,-2.6844616
crisbaraldi,12,-5.988022,-3.45608
crisbolochio,4,-4.9315186,-4.26943
criskato,7,-5.678022,-10.80186
crislemes,5,-4.3512087,-1.4995105
crisnici,7,-6.852162,-9.0962
crispheal,8,-2.6775033,-7.217293
crisrappa,2,-2.6310117,-4.0167007
cristiane35796,12,-7.060638,-3.3868604
cristinasininhosa,4,-5.243037,-4.5227304
csammet,9,-7.8595543,-4.800708
cunhaandre,13,-6.2731113,-1.1179565
cups,2,-2.6445189,-3.4218655
cury03,3,-12.185468,-2.9071944
cuvardic16,7,-6.135367,-10.321873
cz-milka,1,-5.0053473,-6.5367203
da_lopes,8,-2.0896058,-8.281409
damatarafa,1,-3.8713942,-5.782044
dan_jesse_,8,-2.1507356,-7.932705
dandamasc,3,-12.988443,-2.8538263
dani-gracinha,2,-2.5618536,-3.4217715
daniel2577,0,-7.396614,-7.355206
daniel4637,0,-8.433333,-7.065966
daniel4796,11,-1.665115,-2.206278
daniel_schelesky,5,-4.540263,-3.7065458
danielcavallari,2,-2.7363594,-4.319959
danielle16126,1,-4.9540854,-6.8700523
danielle31186,7,-6.817758,-9.041146
danielskatz,7,-5.7868123,-10.349852
danilomacq,12,-5.7444577,-3.3302627
danimelsz,8,-2.335126,-7.808439
danlessa,6,1.0902021,-3.2471004
danyportuense,4,-6.3106713,-6.0218287
darahpontes,12,-6.540486,-3.2230597
dario25,10,-1.4949898,-6.570729
dartanhan,7,-5.721034,-10.820276
david275,9,-7.582211,-5.042178
david55851,4,-6.7386417,-5.490554
david99,9,-7.60455,-4.7281256
david_bio,2,-2.0558825,-3.5535395
david_guimaraes,0,-9.464182,-7.0763807
daygo_nf,8,-2.7373435,-8.560306
daymartins,8,-2.483365,-7.265126
ddguarda,10,-1.947864,-5.2489696
deborabarbato,4,-5.9942045,-5.594934
deborah_benedetti1,4,-6.2005773,-5.953928
deisee,1,-3.5435407,-5.8994374
del_dmc,1,-3.537878,-6.117339
deltonhiga,3,-12.707251,-2.829658
demarchi_gui,1,-5.498394,-7.03699
deneb16,7,-5.8719344,-10.762146
denilson_jose,5,-5.013642,-2.5513487
denisedealmeidasilva,13,-6.2563434,-1.0673199
denisvinny,10,-1.4713999,-5.237702
deniszabin,6,0.3523496,-4.9576397
dennissiqueira,8,-2.8142428,-8.7940235
deny1515,4,-6.5304537,-6.830688
deodato,8,-2.141545,-8.492475
deolivtiago,8,-3.0178494,-8.136104
dericolvr,11,-2.886347,-2.562069
deysiane,1,-3.7021868,-5.9873
dfsmith,3,-12.898186,-2.8647952
di80,1,-4.9712863,-6.75716
di_santos,0,-8.051668,-7.608673
dianaa4,0,-7.472589,-6.3977613
dianabeatrizsouza,3,-13.0254135,-2.297079
dianajem,3,-12.844067,-2.0175138
dianatabarelli,4,-6.446541,-6.015613
diego546,3,-12.45987,-2.939524
diego561,3,-12.744649,-2.671901
diego_leeuwrck_mrch,8,-2.974833,-8.120711
diegoalex,9,-7.557712,-4.354288
diegoalmendras,7,-5.899536,-10.691203
diegoamedias,9,-7.1793284,-5.116092
diegojunosanfoneiro,10,-3.4719853,-5.7563314
diegoob,4,-4.581438,-4.9017453
diegopetroncari,4,-6.3120217,-4.983247
digimar,10,-2.4997802,-5.728039
diglettsias,0,-6.626596,-7.5270987
dih_castro,8,-3.2333179,-7.5997553
dilma_tsuha,4,-6.642977,-5.787699
diogocardoso,3,-12.490859,-2.2311642
dioliveira,9,-7.211593,-5.0857835
dkise,2,-2.6463814,-3.397172
dmehlman,4,-6.4459877,-5.2115855
dnalonso,1,-5.5975842,-7.8562384
docinholele,1,-3.6394718,-7.315577
dogkin,13,-5.997558,-1.1302732
dom1thi,0,-6.5722356,-7.568327
domingues_mariana,9,-7.5087633,-4.7204885
domundo,5,-3.7853677,-3.0816493
donalddavesne,4,-5.2216353,-5.6347175
douglas_biologo,11,-3.1013436,-1.4930775
douglas_william,13,-6.208323,-0.9635309
doutormosca,9,-7.2918825,-3.8120518
draculptera,2,-2.7989628,-3.323244
draket92,0,-9.478979,-7.152789
draude,8,-2.3708324,-7.302997
drefemartins,7,-5.6323743,-10.967903
dtakiy165,1,-4.572036,-8.203492
dtcanovas,12,-5.9161787,-4.290006
duda_bio24,4,-4.389881,-5.4755187
dudamazza,8,-3.3728802,-7.784606
dugjin,9,-7.7186265,-4.639086
duhgetsu,9,-8.657606,-4.440915
dultra,1,-4.413742,-7.5086846
e_doria,9,-7.3091574,-3.9409494
ebcotrim,9,-7.4284887,-4.070089
ed_ifalana,9,-7.0200844,-4.8534985
edabliu,3,-12.365284,-2.6206996
edegarbernardes,6,0.16524217,-4.719101
ederserra,2,-2.1236246,-3.5091534
edgarscp,1,-4.613578,-8.053536
edineia,3,-12.995472,-2.3717723
edson73810,13,-6.301095,-1.0568252
edsonbolochio,4,-5.1921673,-5.9022923
edsonkmoedasecdulas,9,-7.329264,-5.002733
edu50,10,-1.5573238,-4.9193234
eduardaferreira,0,-6.624796,-7.544581
eduardahaddad,8,-2.0696561,-8.301277
eduardamaria__13,3,-12.806909,-2.7652156
eduardo_paniaguat,12,-5.2836685,-4.0934796
eduardobiancalana,9,-8.646035,-4.4490886
eduardogelli,2,-3.0886405,-4.236619
eduardoibanez,5,-3.7688384,-2.5960214
eduardop8a,7,-6.082932,-10.129526
eduardoramirez-anapri,11,-2.8786063,-2.6034892
eduardschonburg,1,-3.6163626,-5.9352627
eduborges,12,-5.0506344,-4.200412
edumartins,9,-7.208037,-5.542135
eduruiz1,4,-6.4165363,-6.7667055
edyxxxx,9,-7.2312255,-5.187594
eelopes,6,1.4562825,-3.1016254
efocante,1,-3.6326065,-5.986356
egidiotx,1,-5.632114,-7.9094644
egorbirder,1,-4.4205337,-7.67218
eguetti,10,-1.3552904,-5.39014
ekaterina54,1,-4.711354,-8.201699
ekatherina,10,-2.818721,-5.9123244
el_neotropico,0,-6.5757174,-7.498023
eliana88233,3,-13.040572,-2.287951
elias78813,9,-6.9607315,-5.4312954
eliascontii,1,-3.9823883,-5.8795586
elisa2206,6,1.0581836,-3.277218
elisa_2,0,-9.465305,-6.90763
elisafwg,6,0.030367466,-5.063459
eliseu80306,5,-4.5343833,-3.7029445
eliseumedina,7,-4.7739873,-9.302918
elivieira,7,-4.905936,-9.388895
elizabeth262,11,-3.0470128,-1.5867157
elizabeth_guimaraes_pierobon,1,-4.008791,-5.8946457
ellasouza,3,-12.218819,-2.7930088
ellenhardy,8,-2.256112,-8.397572
ellenhelena_,0,-6.583189,-7.5834827
eloiseaquino,0,-9.559272,-7.052065
elprofer,0,-8.787932,-7.172987
emanoele_freitas,0,-8.533117,-6.9025536
emdo,1,-4.586919,-8.26249
emerson47545,0,-7.8020406,-7.3631315
emilienvadam,3,-12.68684,-2.6599553
emmanueledomingos,3,-13.106767,-2.2203186
emmetts-frogs,1,-4.5203514,-8.321089
emrsa,7,-5.9360847,-10.581878
eneas_jr,4,-5.354662,-4.447747
eneasneto,8,-3.149522,-7.8821235
engelhard,3,-13.216219,-2.327369
enjuliada,0,-7.5660763,-6.8831477
enricotosto96,8,-3.2680304,-8.192267
enzo95534,10,-1.7740545,-5.216368
enzofrediani,13,-6.2648063,-1.090976
enzomarco,4,-5.565625,-6.317464
eoswars,4,-6.4178324,-6.1616855
epgermano,5,-4.97376,-2.4244037
erica_elis1,8,-3.365194,-8.36069
ericaag,11,-2.7420385,-1.6646805
ericfischerrempe,3,-12.3915415,-3.1553268
ericgofreed,11,-2.796771,-1.6017581
erickri,0,-7.9590716,-7.931318
ericksonsmith,0,-7.346785,-7.332388
erikagonzaga,12,-6.3874097,-3.1507406
eslainyrepossi,4,-6.1014743,-5.5964475
esli22,3,-12.198985,-2.60592
essiva,7,-4.5679307,-9.8472185
estaiano,4,-5.3700657,-5.0360465
estela35,8,-2.786498,-8.744778
esteladca,2,-3.342407,-4.6561465
esthrsza,3,-12.503181,-2.8752975
ethanjwagner,7,-5.7606525,-10.831318
evaldojr,3,-12.70925,-2.2921164
evandias,8,-3.5353997,-7.8106527
evellyn8,13,-5.9449778,-0.62360096
evelyn31373,8,-2.5571346,-8.7693615
evelynfreire,8,-3.0600648,-8.444779
explorawr,1,-5.584275,-7.865038
f_raquel99,1,-3.9244814,-6.9984465
fabiana6,10,-1.0402527,-4.9107075
fabiana_lima_silva,10,-1.8418463,-4.9853783
fabilepratti,2,-2.0099537,-3.514944
fabio450,0,-8.013426,-6.9585276
fabiomanfredini,1,-3.968747,-7.5416956
fabiorex,7,-5.136404,-10.047111
fabipcoradini,6,0.22311534,-4.788027
fabricio_reis_costa,7,-5.65609,-10.8787565
facethebug,1,-5.6321406,-7.750355
fatroosterfarm,1,-4.565547,-8.303969
fauna_cmc,10,-2.4289591,-5.669704
favarin,5,-4.3173614,-1.5431383
fbiomoreiradacosta,9,-7.746821,-4.5329795
fe_ricci,5,-4.9868565,-2.5199385
federico177,7,-5.2881794,-10.22833
feelps,0,-7.995203,-7.7955804
fefisampaio,1,-5.2048335,-7.2732725
fegavronski,7,-5.13524,-10.069298
fegulin,3,-12.443451,-2.5435607
fehcasa,4,-5.483949,-5.0527973
felicio_ju,3,-13.027596,-2.1118371
felipe15,7,-5.838288,-10.7656765
felipe63170,1,-3.5803397,-5.997438
felipe63451,10,-1.7148288,-5.263404
felipe658,10,-1.5063747,-4.881725
felipe82423,4,-6.758919,-5.7021565
felipe_balbino_santos,3,-12.166087,-2.668506
felipe_barros1,8,-2.973381,-8.634032
felipe_david99,8,-2.8473155,-8.676917
felipe_matheus_souza_lameu,9,-7.7637815,-4.605388
felipe_s1344,2,-2.1718698,-3.5110524
felipe_t_s,5,-5.000531,-2.4400277
felipeachter,9,-7.568175,-4.64789
felipealtarugio,1,-5.095731,-7.3850627
felipebiihrer,10,-1.3391626,-6.918788
felipecarvalho,6,0.23592809,-4.7935696
felipefel,0,-7.9683056,-7.9378595
felipegiani,12,-7.0793877,-3.5212975
felipelasa,0,-7.8919644,-7.815529
felipelima93,9,-8.580394,-4.4970155
felipemfantacini,4,-5.363306,-4.6103663
felipeolimorais,7,-6.1667924,-10.370844
feliperibes,11,-2.808841,-1.5470743
felittejulia,5,-4.7767553,-4.183516
fer_tupini,10,-1.3348324,-5.316586
ferdjango,13,-6.208276,-1.132393
fernanda654,7,-5.8818703,-10.824694
fernanda_felicio,0,-9.49343,-6.935623
fernandadiamant,10,-1.165575,-6.131858
fernandakienitz,1,-3.582206,-5.9646473
fernandasp,8,-2.2230978,-7.8770537
fernando1167,13,-6.3082247,-0.9365312
fernando361,3,-12.630213,-2.81066
fernando_daros,13,-5.9605436,-0.74337214
fernando_francisca,12,-6.219579,-3.4367232
fernando_h_farache,1,-3.651666,-7.3548574
fernando_leone,8,-2.447668,-7.695402
fernandobarletta,10,-1.2600391,-6.3760414
fernandoccv,3,-12.5694,-2.100077
fernandofioravanti,2,-1.8983766,-3.5974267
fernandogianninidesouza,8,-1.4393771,-7.488547
fernandok,6,0.31683832,-4.89846
fernandosalvio,4,-5.450026,-5.0534825
ffelix,12,-6.1060386,-3.4957843
fhfonseca,5,-4.3415008,-1.527978
filipe_lopes,0,-7.234392,-7.397719
filipe_serrano,10,-2.4321694,-5.653809
filipeprates,4,-5.324424,-4.461389
filipi_soares,2,-2.7966006,-4.323291
firergamer,9,-7.1980114,-5.0574727
fires1,3,-12.32,-3.0966961
flaflva,7,-5.3663263,-10.172911
flaviodrt,7,-6.9522257,-9.026648
flaviojr,1,-4.579156,-8.2672
flora_iost,8,-2.4567313,-8.642622
flukato,10,-2.4616818,-5.70265
folha_a4,13,-6.1396456,-1.1274863
formiga12jennifer,0,-8.955877,-7.0965543
formigoid,3,-13.140225,-2.3936949
foxwayne,8,-3.1485295,-7.8756456
fran_graber,8,-3.326677,-7.751498
franciscoprof,5,-4.577706,-3.7390573
franciscosalvador,2,-1.4534369,-3.6938086
frantribes,0,-7.9411325,-8.036658
frazaomeirelles,10,-1.7512288,-5.696833
fredbed18,7,-5.7837925,-10.621923
fredericosonntag,1,-3.9113567,-5.8996153
fredfomm,0,-7.9937496,-7.866917
fredmachado,4,-5.22956,-4.437399
fredy_alves,0,-7.315245,-7.3377714
frrisabella,5,-3.8863685,-2.6225457
furlaneto,4,-5.508991,-5.026993
fvaldesp_tutor,7,-5.7443924,-10.580258
gabigifer,8,-2.7121449,-8.423932
gabilopes,9,-7.336738,-4.0762224
gabimorenoooo,13,-6.2308116,-1.0606983
gabinastari,1,-4.920928,-6.539623
gabipz,7,-5.715447,-10.907352
gabiuhlendorff,10,-1.4823122,-5.446217
gabriel1934,1,-3.9267573,-6.0303235
gabriel24449,10,-1.2894617,-5.376058
gabriel25655,0,-8.304187,-6.994851
gabriel50000,4,-6.68804,-5.747645
gabriel93228,0,-9.621323,-6.967585
gabriel_dicelli,9,-6.993816,-5.293791
gabriel_giusti,3,-12.816658,-2.660011
gabriel_lins,13,-6.21342,-1.0370045
gabriel_mateus,0,-9.363377,-6.497935
gabriel_valente,0,-8.033281,-7.7519665
gabriela68559,1,-4.862365,-6.534245
gabriela_bernardo,5,-5.0372787,-2.433014
gabriela_lyly,0,-7.395921,-7.362631
gabrielaaquino275,9,-7.78501,-4.769522
gabrielalves99,3,-12.59536,-2.678253
gabrielatiburcio,12,-6.259371,-2.802073
gabrielbcandido,4,-5.3097625,-4.7543383
gabrielflx777,4,-5.6760664,-4.4546733
gabrielgsouza,3,-12.415855,-2.5981255
gabrielhq,3,-12.705712,-2.002054
gabriella261,7,-6.906411,-9.090558
gabriellearaujo,1,-3.6625154,-7.345947
gabrielmarin,3,-12.695228,-2.722798
gabrielolivieri,0,-8.003088,-7.834452
gabrielreginatto,12,-6.2065306,-2.7575672
gabrielsaturno,11,-2.8028004,-1.7023256
gabrielshimizu,5,-3.885075,-2.623232
gabrielsoto,10,-1.4802895,-5.2734895
gabydmiranda,12,-5.7316523,-3.2867732
gabyfachinelli,4,-6.3735476,-5.803358
gabylima,0,-8.1397915,-7.690339
gabzin,7,-4.522806,-9.818474
gafischer,1,-4.5234838,-8.279239
gameofbirds,5,-4.3045583,-1.5187348
garryfletcher,8,-2.9981909,-8.1487055
gawaihyrin,7,-4.882209,-9.370196
gelter,10,-3.4505832,-5.819749
geovannabas,4,-6.4986258,-6.7347827
gerson85,8,-2.076766,-8.076197
gerson_carlos_rocha,0,-7.3852973,-6.734837
gersontaqu,10,-2.9130557,-6.0660863
geterni,3,-12.639991,-2.6589415
gevilla,5,-3.9447896,-3.2438612
ggirardi,8,-2.2592068,-7.4693074
giardino61,4,-5.9505606,-5.8663597
gih,10,-1.4074037,-5.2791934
giiazaki,0,-8.8634,-6.4736238
gilliancm,0,-9.009072,-7.1064477
gilmar_ferreira,4,-6.4510303,-4.9255567
gimattos,8,-2.4920933,-7.2760735
gio,5,-3.93963,-3.230043
gio_torres,3,-12.469729,-2.79928
giordano11,0,-7.960786,-7.9468856
giordano_g,4,-6.743609,-5.965784
giosaltune,9,-8.5718,-4.4497614
giostorm77,7,-4.88073,-9.356161
giovanaramos,7,-5.312723,-10.272827
giovanedias,12,-5.4114685,-3.9688077
giovani21,10,-2.4645333,-6.241711
giovani22,4,-6.770589,-5.7431083
giovanicanossa,7,-5.756227,-10.510897
giovanna108,12,-6.978719,-3.576902
giovanna157,2,-2.7093825,-3.393212
giovanna82968,9,-7.4598627,-4.861934
giovanna_iano,9,-7.379213,-4.7101965
giovannagazarolli,9,-8.076153,-5.494548
giovannagf,1,-4.0199976,-5.708872
giovannapiazza,13,-6.1206264,-0.9323201
girago,1,-4.7254024,-6.46394
gislaineceregatti,12,-6.022805,-3.4588203
giulia_ventura,9,-8.459714,-4.546966
giuliabellinati,12,-5.1075115,-4.134028
giuliakp,8,-1.4398211,-7.4893937
giuliamoon,1,-4.971866,-6.4302998
giulianagbsantos,4,-6.6305075,-5.2467637
gjmerces,10,-1.5286418,-5.2838693
gkirchhoff32,9,-7.612337,-4.4665146
glabis8silva,8,-2.9137962,-8.1726465
glasscat,3,-12.633953,-2.156654
glaucia_gallo,2,-2.175557,-3.7131982
glm_wildlife,7,-6.900877,-9.06746
glsspt,7,-4.8982615,-9.391544
goldskulltulahunter,4,-4.8718667,-5.484403
goncalojfsilva,1,-5.562645,-7.8472395
gorial86,8,-2.5856998,-7.174245
gracianisousa,3,-12.453418,-2.4226081
graziela16,8,-2.7107217,-8.736129
gregor_vieira,11,-2.714797,-1.6474043
greyj,6,0.29103667,-4.858269
grinnin,7,-5.6360426,-10.8806095
grupo4invertebradosint,10,-1.366056,-5.491192
gsal,4,-6.774099,-5.638447
gsbonfa,5,-4.527928,-1.6734608
gsigal,11,-2.958347,-1.5834241
gsonoda,5,-5.002282,-2.4579458
gstroz,4,-5.4652224,-5.3357444
gu455,1,-5.6940074,-7.760533
guarniiiii,10,-1.557914,-5.4322066
gui_rocha,5,-3.7824023,-3.3574758
gui_saad,8,-3.196802,-7.853833
guilherme0811,4,-5.09909,-5.698227
guilherme15574,3,-12.385326,-2.836276
guilherme34348,9,-7.038334,-5.319611
guilherme_anselmo,4,-5.1415896,-5.6923676
guilhermeanjinho,2,-2.9097817,-4.2254367
guilhermeg,5,-3.9381583,-3.1945891
guilhermesantana,0,-7.493653,-7.4984465
guilhermesdasilva,9,-7.1899266,-5.132751
guinsberg,3,-12.426926,-2.794627
guiribeiro,5,-4.0680056,-3.3675258
guiroque,7,-5.941269,-10.702009
gustavo84452,5,-5.139002,-2.519756
gustavo_alexandre,8,-2.3502328,-7.720488
gustavo_barbosa,4,-5.2025676,-4.6083813
gustavo_blatta,4,-6.377551,-5.8821177
gustavo_de_almeida1,9,-7.1020875,-5.123984
gustavo_de_jesus,9,-7.5380015,-4.6618695
gustavo_marino,1,-3.7791188,-7.262216
gustavobolson,12,-5.635656,-3.1837678
gustavocf,4,-5.3825936,-5.05974
gustavocl,13,-5.926917,-0.595975
gustavodias,4,-4.615442,-4.9783597
gustavomoraes1,8,-2.1045165,-8.202876
gyrrlfalcon,13,-5.8883176,-0.6069986
h_marcos,9,-8.630378,-4.462214
h_s_l,4,-6.7156496,-5.5968738
handerson_silva,6,0.25959843,-4.830215
hannahmccomb,2,-1.9422637,-3.5721717
haynara_varela,4,-5.2089853,-5.675001
hayra_macedo,12,-7.206787,-3.3454485
heikomaxbrunken,0,-8.866412,-7.1168776
heitor_fernandes_leme,10,-1.4481887,-5.381434
heitornemitz_bb8,8,-2.5703568,-8.633349
helama_013,3,-12.739396,-2.9346313
helen18733,7,-5.2524414,-10.167566
helena19,8,-2.3168042,-7.4286275
helenapereiradequeiroz,10,-1.7982812,-5.332197
helenasalgado,10,-2.1154919,-4.984728
helevimachado,10,-1.505544,-5.2251763
heliastes21,3,-13.239443,-2.2729053
heloisa_gomes,0,-8.077182,-7.741517
heloisamouro,8,-2.439727,-8.707464
hemidactylus,0,-9.525266,-6.3513207
henan,8,-2.998446,-8.363374
henrique197,7,-5.7434154,-10.760472
henrique_bitencourt,5,-4.930927,-2.6057801
henriqueberdu,2,-3.348657,-4.661374
henriqueboneti,11,-3.0642138,-1.4659302
henriquemoutinho,1,-3.8721943,-7.8457527
henriqueraupp,10,-1.4255562,-6.5470037
henriquerufo,2,-3.4191983,-3.4930766
henry692001,3,-12.078686,-2.7138846
henrycc,4,-4.5858974,-4.9113235
henryuji_02,10,-1.4652388,-5.5534887
herikhelfstein,1,-3.8079896,-5.6136117
hermesoncarreira,0,-7.5784984,-6.910008
heytor,4,-5.2549615,-5.6912236
hf_iwasaki,5,-5.0613523,-2.392778
hfabian,4,-6.4310536,-5.9274545
hiltonoyamaguchi,2,-1.4303036,-3.7135794
hingstz,5,-4.3487344,-3.5868707
hobbit_coisado,10,-2.4569163,-6.2525167
hoss_br,1,-4.0136156,-7.4046655
hrgussoni,0,-8.935299,-7.112303
hugofb87,3,-12.888888,-3.0179777
humberto44,8,-2.8693357,-8.771942
hummingplants,10,-2.4064183,-5.667263
hydrophilus,9,-7.6583695,-4.8861094
iambianca,4,-6.3620133,-4.9105053
ian_solon_ito,12,-7.116069,-3.3146052
icaro_deziderio,6,1.5085752,-3.0862443
ig_carl,2,-2.6973245,-3.3584602
ighorfernandes,4,-4.5852733,-4.9043803
ignacio33,4,-6.330152,-5.887541
igor-n,3,-12.975542,-2.3073256
igormaciel,9,-7.1092277,-5.5696754
igorodi,7,-6.044236,-10.529376
igorvs,9,-7.3725977,-3.96548
igoryuri,8,-2.3974907,-7.723879
ihds,5,-4.6234827,-3.7584317
ilee1112,7,-5.9284186,-10.539115
illene,3,-13.055662,-2.8743994
illyria_,13,-6.2763886,-0.93745595
indzita,5,-3.6901078,-3.1224322
ingridlimadossantos,9,-8.355655,-4.573746
invergp2,2,-2.920704,-4.3339796
ires_juliani_nery,1,-4.573619,-7.964921
iris184,5,-3.8655326,-2.6312227
irvingarruda,9,-8.6462145,-4.450303
iryslima,13,-5.9684873,-0.8611422
isa_fer,10,-1.4042151,-5.2538924
isa_maya,0,-6.557733,-7.5596704
isabela86184,1,-3.5271697,-6.0405726
isabelchiu,11,-1.7048975,-2.3448536
isabella89559,10,-2.4207366,-5.6706576
isabella_schroter,10,-2.4889033,-5.7374334
isabellichayeni,0,-9.623936,-6.955759
isabelly4848484,2,-1.5298916,-3.665399
isabellycristina,3,-12.408428,-2.8684113
isabianchii,10,-1.0939642,-5.9764614
isac4339,4,-6.242949,-5.5304875
isad1ora,8,-2.7003386,-8.630427
isagiongo,10,-1.481324,-6.632168
isapelx,0,-9.490357,-6.5267057
isasanches,4,-6.310901,-5.931502
isisakemi,8,-2.3002708,-8.490513
isiskatherine,13,-6.2446723,-0.93263793
isisrocha,3,-12.635067,-1.9094516
ismaelrocha,0,-8.117581,-7.535052
italofigueiredo,1,-5.0480795,-6.3799562
its_abikenai,8,-2.5332074,-7.3392677
iurirudiger,11,-2.9758067,-1.5186832
ivan90912,1,-4.039077,-5.7486897
ivanmarques,6,1.0541726,-3.2591195
izabellyfuschi,8,-2.6893716,-7.2043114
j_bianchi,2,-2.698257,-3.384192
jacobrigged,9,-7.911392,-4.765072
jadesteves,11,-2.8912861,-2.5586727
jala015,1,-3.6646562,-7.3587694
jalbertokiko,3,-12.762455,-3.2653778
jalexan,7,-4.870045,-9.34727
jan35,5,-4.954861,-2.5123603
janaina14,4,-6.2777424,-6.198013
jandrep,1,-3.8494282,-5.937255
jane_tours,5,-5.021283,-2.4539926
janetfelty,0,-7.9590993,-8.004458
janmar,8,-2.7214875,-8.467606
janoca,8,-1.3801675,-7.304328
jbecky,0,-9.488133,-7.0427403
jcardenette,10,-1.8813177,-5.0680337
jccmaluf,6,1.3712994,-3.1318984
jean147,5,-4.293698,-1.4872487
jeanloprete,4,-5.5463724,-4.505953
jeanmartins,2,-2.707498,-3.3332365
jegoldrryng,3,-13.128413,-2.148229
jennifer2885,3,-12.081889,-2.6706512
jensbokelaar,4,-5.5284877,-4.98779
jessica25050,9,-7.2854447,-3.8387244
jessica_maia1,4,-6.0902357,-5.9375587
jhonatan28,9,-8.636256,-4.4581776
jhuan_guilherme,13,-5.8911257,-1.4912815
jjreyeslondono,12,-5.2757382,-4.021038
jlucasromero,8,-3.0513458,-8.281259
jluvizon,8,-2.7914932,-8.6605
jmgruiz,5,-4.518237,-3.7246385
jmmartins,6,1.4736582,-3.0913298
joa0_vinicius,5,-3.9195747,-2.590242
joalves038,10,-1.8549029,-5.0378523
joan_davis,12,-6.0615835,-3.5725067
joanadiasho,13,-6.172178,-0.98346657
joanalopes,3,-12.43866,-2.5646927
joanmi,2,-2.6308856,-4.3803167
joao1521,7,-4.883337,-9.365524
joao210,11,-1.6696262,-2.2085233
joao2358,4,-5.1677046,-5.6980586
joao_breno,3,-12.473152,-3.089224
joao_luis01,1,-4.9059386,-6.5458913
joao_paulo96245,0,-9.599754,-7.031603
joaoaris,8,-3.1721232,-7.809833
joaomele,3,-12.654968,-2.0215733
joaosvalencar,5,-4.3201942,-1.4955964
jobernardes71,8,-2.912538,-8.755146
jocacampbell,7,-5.6355176,-10.865005
joel_melia,0,-9.467549,-7.116625
joelmaviggiano,12,-7.023686,-3.3666732
johanabeli,6,0.34234557,-4.9353185
johannacostta,11,-2.7234862,-1.6091805
john_uribe,10,-1.8337215,-5.3191724
johnny160,12,-7.245015,-3.3356805
johnnybirder,1,-5.095649,-7.4151826
johnvl,4,-6.553482,-5.908216
joi90,12,-5.699458,-3.0162039
jojoamm,1,-4.168755,-7.687462
jonatas20,1,-3.988345,-5.986956
jooj1,11,-1.6771163,-2.201917
joopedro19,5,-3.9056988,-3.196362
jorgeluiz,10,-3.2131941,-6.2208204
josanias,5,-3.8518627,-2.682075
jose_luis_b,7,-5.58792,-10.996757
josebiochem23,3,-13.137259,-2.1851234
josebonini,6,0.24342188,-4.8399425
josebrunobrigido,3,-12.176694,-2.86746
josev_ge,4,-5.343524,-4.5124335
josh_vandermeulen,9,-7.525574,-4.662161
joshgks,10,-2.4182198,-6.1556215
jpdandretta,8,-2.0863576,-8.352811
jpedrolz,11,-2.757223,-1.6505582
jpsailor,5,-4.513903,-3.794827
jpsrodrigues,3,-12.775684,-2.691343
jspm,8,-2.2114937,-8.477176
juan_lima1,7,-6.04647,-10.41931
juan_pablo96,8,-3.0709066,-8.077391
juanaquino,3,-12.5098715,-2.6848483
jubierast,11,-2.9080513,-2.5479364
juborges,2,-3.3747346,-4.725593
juccauane,9,-7.3276587,-3.89205
judgefudge,7,-5.527246,-10.931084
judygva,5,-4.0775704,-3.228875
juefaria,2,-2.3927953,-3.8895397
jujuba_nom,13,-5.9610596,-0.6458708
julia-ferreira,3,-12.67536,-2.6496248
julia_barret99,3,-13.423574,-2.470574
julia_claram,9,-7.7672143,-4.5395727
julia_d_,10,-1.9352245,-5.22603
julia_gama,9,-8.2833805,-5.566746
julia_tsang,8,-3.4087505,-8.258918
juliabariotto,12,-6.2625213,-2.8093734
juliaelexias,2,-1.8298669,-3.531661
juliajuba,1,-5.646689,-7.9146724
juliamontin,5,-4.4096856,-1.7288369
juliana416,8,-2.4744072,-8.54588
juliana_fvf,13,-6.233845,-1.1222537
juliana_priscila,12,-7.1106205,-3.342537
julianagatti,0,-9.670271,-6.9639874
juliananobile,9,-7.235274,-5.010239
juliananovaes,5,-4.5795417,-3.6739132
julianolimeira,1,-5.594086,-7.8546658
juliavancini,9,-7.282792,-3.8996103
julidd,1,-5.0299716,-7.3074503
julimoura,3,-12.733153,-2.9775581
julio55911,7,-6.918174,-9.150884
juliocsar,1,-4.0498486,-7.3772388
juliofilipino,1,-3.6724157,-7.3318357
julyalopes,5,-3.9953668,-3.2307897
june72459,10,-1.4025491,-5.0930834
juniayoc,5,-4.510385,-3.7325675
junior129,9,-8.090496,-5.44173
jupaschoalin,4,-6.366168,-6.099681
jupit7r,5,-4.3316236,-1.5007849
juwrodri,0,-9.133948,-7.0219545
jv_tamanaha,1,-3.828245,-7.4332256
jvcc,12,-6.2137303,-2.7616029
kafirfugging,0,-8.451121,-7.01047
kaique_ssf,9,-6.8414264,-5.0627937
kakaioc,12,-7.1643133,-3.3274405
kalikalis,0,-8.363579,-7.132477
kallewesterling,5,-3.9234827,-3.1884098
kamboo,1,-3.8962655,-7.2978334
kamileasdfg,7,-5.383425,-10.240487
kapa12,1,-4.6444197,-6.535411
karen37665,13,-6.204012,-1.1349512
karen_kell,10,-1.3358328,-5.4990244
karina702,0,-8.062965,-7.7509065
karmatsering,9,-7.8982077,-4.734297
kasio,10,-1.1535547,-5.8711267
kate_allise,11,-2.8296826,-1.6099942
katharine50975,12,-5.32755,-4.060253
katiarancura,13,-6.01075,-0.8266678
katydidwatcher,2,-2.7192276,-4.298084
kaue48278,7,-6.755349,-9.287031
kaue_morales,10,-1.5150646,-6.622644
kawni,4,-6.8463225,-5.7301774
keks,4,-6.05021,-6.486175
kel_,8,-2.5219507,-7.38335
kellerogabriel2000,4,-5.149391,-4.412035
kelly449,12,-6.073539,-3.4552567
keteriny,7,-5.2688217,-10.109955
ketty20035,0,-8.05262,-7.747689
kevin184,8,-2.9392803,-8.147867
kevin402,8,-2.8093607,-8.539338
kgbr13,4,-6.7126126,-5.691166
kikegrohs,7,-4.5472803,-9.845819
kirill_petrov,12,-6.0405297,-3.6106188
klabarbera,3,-12.678509,-2.7228637
klebervaldo,13,-6.131283,-0.94479495
kmegown,1,-4.1442685,-7.3922772
kneves2114,3,-13.104274,-2.1664464
knjutt,7,-5.949649,-10.639942
krishandwerk,9,-7.276548,-3.73655
kristian0707,7,-5.8666906,-10.715754
kristjansen,4,-6.518821,-6.844227
kryon,5,-4.532086,-3.6895926
kt34,10,-1.5499268,-5.239391
kumarihb,5,-4.3183007,-3.6514456
kuovis,1,-4.3652472,-8.266267
kuromushi,13,-5.999433,-0.7396111
kz_11_f,9,-7.2517595,-3.7367797
l49306,5,-4.3201017,-1.5100588
l_bicalho,7,-5.7711787,-10.743029
lada_dudnikova,10,-2.4590926,-6.099011
laerte,9,-7.513986,-4.7463284
laetirin,7,-4.4955645,-9.966822
lagomuller,0,-7.26587,-7.3111176
lais53939,1,-4.785938,-6.598292
laisdana,5,-4.559632,-3.7965522
laisroliveiira,4,-6.425828,-5.621312
lala80180,10,-2.4540534,-6.1816554
lanacayres,0,-9.380823,-7.2683253
lander1950,5,-5.021096,-2.4414973
lanzbaumann,11,-1.6624336,-2.201987
lara_n_g_t,5,-4.315647,-1.4810328
larasbio,4,-4.565861,-4.8377337
larissa005,4,-5.441958,-4.802708
larissa272,11,-2.6766725,-1.635635
larissa52841,12,-7.1598043,-3.1965964
larissakawabe,12,-6.1517844,-2.853376
larissalobo,3,-12.482496,-2.1492395
larissateixeira,3,-12.253968,-2.683269
laryssa_vilela,10,-3.0750692,-6.1075788
lauattarian,11,-2.6951,-1.6809692
laura3059,3,-12.25171,-2.675311
laurabeat,0,-7.9031677,-7.783014
laurakeene,9,-7.6088133,-4.97264
lauricas_,4,-6.935014,-5.823819
laurin_lukas,10,-2.4386718,-6.122537
lavisk3,3,-12.4650135,-2.6648302
lawkisk,4,-7.0958543,-6.090426
lax1973,10,-1.3429397,-7.1115427
laylayyy,0,-7.378772,-7.296973
laysla2,8,-3.3819616,-8.3720255
lc_three,5,-4.618406,-3.745477
lcdenadai,11,-2.765915,-1.6591805
lcsvoj,1,-4.8188376,-6.785238
leandro18738,9,-7.030005,-3.9821384
leandro220,10,-1.5282589,-4.9385214
leandro999,0,-9.329907,-6.483916
leandrovacchiano,9,-8.645993,-4.448456
leleolv,11,-2.92703,-2.4839823
leletsv,13,-6.214661,-0.9135713
leobizaz,3,-12.87045,-2.8100379
leobreder,4,-5.1792264,-4.3456974
leomorassi,4,-6.0830255,-6.0149965
leonardo343,4,-6.609355,-5.786347
leonardo842,2,-1.8683847,-3.638416
leoromagnoli,9,-7.041676,-5.3257575
leosouto,10,-2.5105636,-5.8008246
lessinger,12,-7.189728,-3.3138921
lethicia_carvalho_leite,9,-8.016357,-5.287883
leticia101,10,-1.6603173,-5.4603777
leticia273,1,-3.4841335,-5.967458
leticia304,9,-7.9385066,-4.8265767
leticia_alvarenga,2,-2.6899817,-3.3909276
leticia_mantelo,11,-1.6597146,-2.2244475
leticiamoura,3,-12.873868,-2.5789554
leticiarautha,2,-1.5283328,-3.6382577
leticiaxtina,9,-7.1279593,-5.461426
levent90,6,1.550521,-3.106144
lidiaganhito,4,-6.5466905,-6.869811
liege_vergili,8,-2.5034158,-8.626902
ligiacollado,0,-6.728826,-7.4856133
lilinha,9,-7.812418,-4.6084976
limaogato,4,-6.422699,-6.7643056
limulos,1,-4.099534,-5.937669
lindamay,1,-5.0764847,-7.425396
lindolfo,3,-12.346245,-2.6388757
lindssen,8,-2.5764937,-7.1957326
linesotto,10,-2.4596605,-6.179833
lisleao,5,-5.1496983,-2.873005
littshadow,9,-7.69119,-4.5132318
livia43564,5,-4.319858,-1.4846761
lizandra5,8,-2.6709132,-6.920467
lluizs,10,-2.4176996,-5.6922674
loganlalonde,13,-6.251687,-1.0909697
lopysz,12,-5.959831,-3.4293916
lordecho,9,-7.263316,-3.7733443
lordleopard,3,-12.810077,-2.9281166
lore866,1,-4.5851855,-8.243192
lorena_silva_fonseca,8,-2.1582394,-8.1063175
louise_schneider,10,-1.5313221,-5.5102415
lrossetto,0,-7.8157897,-7.2655435
lu_camacho,1,-4.617628,-8.246812
luana_gardin_romano,7,-4.8034177,-9.3469925
luanapaola,1,-4.047091,-5.867774
luca25772,12,-5.7621565,-3.271891
lucaasbeckman,1,-3.688816,-7.329024
lucaiaffa,2,-2.643989,-4.425311
lucamfbr,0,-9.523326,-6.4333367
lucaps,0,-7.9524965,-7.72195
lucas1283,10,-2.0117605,-5.27617
lucas1468,7,-6.0787163,-10.45958
lucas29041,12,-6.192008,-3.6031556
lucas406,10,-2.2174284,-5.7556973
lucas418,10,-1.3637493,-6.50694
lucas_bio,12,-5.2200994,-4.269832
lucasaosf,9,-7.7192035,-4.7434926
lucasbernardinelli,5,-5.0435233,-2.3772683
lucasdantasfotgrafo,12,-5.96387,-3.9951859
lucasferrb,1,-5.187205,-7.4586406
lucasforti,3,-12.624258,-2.4582942
lucasjesus05,12,-6.040021,-3.471464
lucaskaminski,9,-8.139119,-5.500703
lucasmazzuccofonzaghi,4,-6.355467,-5.976149
lucasoliribeiro,10,-1.5368923,-5.044381
lucaspenedo,10,-2.4516733,-6.261694
lucaszp,8,-2.3942113,-7.771389
lucca2951,4,-5.5774474,-5.1069508
luccahorta,7,-4.5919704,-9.892622
luccaslongo,0,-9.485328,-6.5826397
luciana6,8,-1.4350272,-7.4863605
luciana_schuetze,9,-7.2981477,-3.7607708
luciana_travassos,8,-1.4869176,-7.538724
lucianachiyo,9,-7.1894956,-4.0687156
lucianatardigaspar,6,1.5249003,-3.079574
lucianeobrito,9,-7.785629,-4.5640535
luciano_bernardes,4,-5.2225366,-4.494718
luciano_oliveira,3,-12.845871,-2.7955725
lucianonunes,1,-4.7993584,-6.5893507
luciasalles,8,-3.2429655,-8.069037
lucie330,4,-6.869333,-5.6373897
lucilly,3,-12.124963,-2.6286266
luciomfdm,3,-13.181141,-2.1892755
luconi,10,-2.4745488,-6.2587857
lucury,8,-2.1357615,-8.495204
lud_msouzaa,9,-7.0831795,-5.311023
luddd,9,-7.261817,-3.781327
lugoqueiroz,2,-3.2998867,-4.736538
lui_fo,5,-4.614768,-3.4457824
luigicaputo,8,-2.9593573,-7.340989
luis76995,9,-7.533791,-4.890492
luis_felipe_barbosa,1,-4.4647512,-7.8543878
luis_felipe_marcelino,7,-5.912244,-10.780997
luis_homosapiens,2,-3.1859934,-3.9039176
luis_rstos,4,-6.270057,-4.8545113
luis_sampaio,8,-3.4313407,-8.009546
luisamunoz92,9,-7.8568993,-4.734621
luisfelipe4,9,-8.032638,-5.4206114
luisrobe59,4,-6.3788333,-6.6687417
luistm,0,-6.6366544,-7.5269547
luisto22,1,-3.6365585,-5.9854846
luiszs03,9,-7.6939087,-4.664529
luiz88,5,-3.8100147,-3.3571815
luiz91,12,-7.216535,-3.4641576
luiz_antonio8,8,-2.7513149,-8.607228
luiz_carlos_da,1,-3.9812915,-5.7274323
luiz_felipe_chacon,7,-5.613601,-10.798561
luiza14650,10,-2.4339406,-5.6910024
luiza_badra,12,-7.15196,-3.7102325
luizaalbuquerquecoelho,6,1.5111421,-3.0697484
luizabrigato,4,-5.459573,-5.1471148
luizaribeiro,8,-2.2602608,-8.445325
luizarossato,3,-12.57797,-2.077761
luizavi,0,-6.680731,-7.449833
luizfernandomatos,10,-3.4560008,-5.553073
luizgabr,12,-7.1985183,-3.2268064
luizgraciato,1,-4.3144016,-5.911023
luizmodesto_fotografia,8,-2.7903283,-7.602349
luizpol,4,-5.990639,-5.692011
luizsilvaphoto,12,-6.330309,-2.8911939
luizvip,3,-13.184968,-2.2382545
lukeberg,9,-7.5372014,-4.8575687
luma_10,0,-9.052504,-7.031893
lurax,5,-4.369553,-1.6234655
lushyo,8,-2.5498846,-8.483994
luukitos_,7,-5.746299,-10.630155
lyja_,0,-9.575864,-7.12571
lynn217,7,-4.9581966,-10.030815
lynnep,8,-2.6784437,-7.177489
lyorozcoj,0,-7.9476943,-7.9271526
lzzah21,2,-2.4066765,-3.460638
macedo_medo,2,-2.7678316,-4.257988
madalena_simoes,3,-12.713127,-2.516109
magnusulseth,7,-5.617971,-10.930798
maguie1,8,-2.3964317,-7.657041
mahathi,9,-7.2605247,-3.7899723
mahcastellini,2,-1.5110612,-3.6795588
maiii,7,-6.866927,-9.095227
mailabeyer,7,-5.661268,-10.842765
mailzaloureno,4,-6.760736,-5.682816
mairacf,10,-1.5316087,-5.405791
mairaluisa,3,-12.140919,-2.9128366
majura,10,-1.8646107,-5.23759
makau,1,-3.4521625,-6.0782137
malacochersus,1,-4.650059,-6.7805476
malinpinsky,3,-12.815279,-2.6261272
malu_valero,1,-3.35098,-6.1701975
malucabelezajm,8,-3.0469089,-8.597233
mananaamadocosta,8,-2.199567,-8.420445
manuchao,11,-3.0605104,-1.4561409
manuella81478,0,-9.611307,-6.7895317
mar272,2,-3.3538117,-4.640864
maramagenta,3,-13.079806,-2.1104345
marathontomay,8,-1.3468298,-7.304209
marcalmatos,5,-4.927613,-3.89328
marcel-vl,10,-1.4438863,-5.27678
marcel_deventer,8,-2.72021,-8.475899
marcela43524,13,-6.0762124,-0.79685336
marcella_rizzi,2,-2.1484904,-3.5417352
marcellamarinovic,8,-3.4059942,-7.9390955
marcelo344,10,-2.8874278,-6.559337
marcelo_bovi,13,-6.2421036,-1.1139034
marceloadacruz,1,-3.6611915,-7.2448134
marcelogsk,9,-7.424799,-4.031876
marcelohenrique,9,-7.4570074,-4.936919
marcelus1,10,-1.569073,-5.5253663
marceu,12,-6.150131,-2.7288828
marciafariapadua,10,-1.673925,-5.484522
marciamauro,2,-1.499423,-4.224093
marcio23297,11,-2.7231934,-1.600663
marcio76249,1,-3.864058,-7.028778
marcio_santos_ferreira,11,-2.8485026,-2.4529347
marcioelias,6,0.34759927,-4.966159
marciofontana,9,-7.302823,-3.661812
marciomotta,3,-13.030504,-2.1506472
marco-bs,1,-5.0192094,-6.410314
marco_sena,3,-12.283408,-2.4805112
marco_tra,5,-4.573159,-3.6306574
marco_vinicius,4,-6.808238,-5.2338123
marcola,4,-6.3873754,-4.881871
marcomorinoedagi,10,-2.4721954,-6.297571
marcondes2023,1,-3.8985796,-5.890519
marcos344,6,0.98472065,-3.2900455
marcos941,9,-8.081157,-5.483989
marcosarmartinez,9,-7.1243153,-5.0425096
marcosilva,5,-3.947422,-3.2564023
marcosu_e_d_s_cdo,3,-12.963963,-2.9595041
marcusaurelius,13,-6.083385,-0.8399107
mare12,5,-3.868239,-2.6374319
margaridavarani,0,-8.870639,-7.059646
margarita13,2,-2.7481158,-4.3249264
mari440,5,-5.2862887,-2.8806708
mari_anna_,3,-12.465709,-2.5126247
maria28185,0,-9.46066,-6.4554186
maria_aparecida67398,10,-1.3942927,-4.8653464
maria_cecilia54625,10,-1.8024826,-5.0772457
maria_eduarda47,9,-7.78935,-4.8252773
mariabelotti,12,-6.166101,-2.7664723
mariaclararib17,8,-2.399839,-8.258206
mariaeduardaoliveirasoares,7,-6.155135,-10.357017
mariana109,3,-13.061932,-2.7343004
mariana580,4,-6.2338896,-5.520404
mariana76489,10,-2.4452255,-5.7117186
mariana_f_aidar,12,-5.800708,-3.2880192
marianadelmardarcy,0,-9.541387,-7.0639954
marianascigliano,9,-7.8752675,-4.5479045
mariano11,1,-4.560247,-8.299315
mariapiper,6,1.2217548,-3.176291
mariappel,4,-6.4594517,-6.8173323
mariav_campos,3,-12.367631,-3.1419356
maricala,8,-3.152912,-8.562131
marie_engelien,7,-5.916811,-10.410063
marielina,9,-8.189261,-5.39268
marilia37259,9,-7.143453,-5.35347
mariliafanucchi,8,-2.1638646,-8.000532
mariliathomaz,11,-2.733242,-1.631956
marimorenoo,3,-12.739813,-3.0256534
marina62933,8,-2.9796023,-8.702043
marina_ambiente,8,-2.0389154,-8.30776
marina_beatriz1,2,-2.1831505,-3.5170968
marinagm,3,-12.119269,-2.688174
marinaleitemarques,3,-13.052518,-2.9714575
marionbee,1,-5.1691384,-7.2417636
marisco,4,-5.2634325,-4.518675
marisol37183,5,-3.8668754,-2.6271775
maristela_c_alcantara,6,0.2629825,-4.8116384
mariszzzlima,9,-7.302986,-3.763369
marivicente,0,-9.445229,-6.6397486
marjan28,7,-5.8849654,-10.462881
mark_barra,8,-3.3729737,-7.7310796
marqui_lis,9,-7.451573,-4.8862557
marquinhomachado11,1,-5.0597377,-7.367807
marsupialsoup,8,-2.7241545,-7.3800416
martamariana,13,-6.2078767,-1.04004
martimmachado,6,1.5280807,-3.0483313
martimpassos,8,-2.0896215,-8.211306
maryana11225,0,-7.6325364,-6.9987497
matcp,3,-12.600706,-2.8303754
mateussantana,7,-5.3235803,-10.017627
matheus30869,4,-6.4403715,-6.7495546
matheus32678,0,-8.314048,-6.9540086
matheus6833,4,-6.418005,-5.8917785
matheus_bueno,9,-8.402776,-4.5829234
matheus_costa1,3,-12.700488,-2.5166483
matheus_mans,4,-5.0341287,-5.6696887
matheus_sampaio,2,-1.9573072,-3.6001928
matheusbovareto,8,-2.933176,-7.9328504
matheusgbf,8,-3.0119514,-8.59648
matheusjoca,11,-2.746738,-1.617562
matheusmsantos,1,-4.4276333,-6.075911
matheusruanc,8,-2.144975,-8.343131
matheussp2311,9,-7.0386863,-5.667731
matias_and_dad,9,-7.506463,-4.6663103
matiasdaniel,10,-2.4706113,-6.181968
matiassemh,3,-12.96647,-2.8386567
matrin,4,-5.9029927,-5.845851
mattbango,10,-1.7197044,-5.6482406
matthew82741,8,-1.3926014,-7.409178
matthias252,10,-1.5338676,-5.2929506
maur1n,9,-7.1456995,-3.914104
mauricio_garcia4,8,-3.0633597,-8.314321
mauricio_guitar,4,-4.812869,-4.8411117
mauriciofrank,4,-6.2655077,-5.8789663
mauro_lucio,1,-3.7983823,-6.0472946
max_hideki_homma,13,-6.095219,-0.8729883
maximebailleux,6,1.0957005,-3.2284653
mayara55,10,-1.8520522,-5.0462346
mayhara1,4,-6.476054,-6.8010035
mayke_arth,7,-5.8570094,-10.7872715
mayzanni,1,-4.0997386,-5.831251
mclnocaminho,1,-4.056843,-5.8547726
mcmeccia,13,-6.0548234,-1.0787859
mcoyle,1,-5.576962,-7.929128
mcvaz,6,0.22875303,-4.7858596
mecelis,13,-6.254615,-1.075902
mechashroom,3,-12.483978,-2.291691
meicle,8,-2.949914,-8.681189
meiregodoi,1,-3.8928628,-7.01846
melimelum,3,-12.683389,-2.473753
melina_bertholdo,10,-1.708749,-5.0854397
melissasa,9,-7.1577373,-5.2530828
melsena,7,-5.7193284,-10.785814
mendes_bruna04,4,-6.334019,-4.826733
mequiel,10,-1.6097553,-6.491584
mercury-and-the-snail,0,-7.967201,-7.7486496
mfisher,3,-13.166762,-2.170647
mhgoldino,3,-12.599944,-2.4946978
miacinachi,4,-6.372589,-4.7970605
michael4117,0,-9.505802,-6.798385
michael_gabriel_santos,4,-6.9019594,-5.6123376
michaella_andrade,1,-3.4804385,-6.0104237
michelkatzenwadel,4,-5.5735855,-4.6791034
michellemantovani,7,-5.155068,-10.066321
michelynascimento,9,-7.4807663,-4.83448
michsa,10,-2.001347,-5.3848224
microaventuras,0,-7.495025,-7.1889696
miguel1132,9,-7.732238,-4.4219236
miguelap,10,-1.4176041,-4.9497037
miguelmagro,4,-5.246389,-4.577922
miguelpbiasoli,4,-6.3386602,-5.422764
miguelrangeljr,10,-1.4403446,-5.38673
mikeshields20,7,-4.53533,-9.860052
milene_f_de_araujo,6,0.20075022,-4.742102
mimak,10,-1.730416,-5.82457
mimi_mendes,0,-9.538749,-7.121123
miquele_nunes,10,-1.1342425,-5.952995
mirandadennis,4,-6.1289415,-5.7405605
mirelapz,6,1.1441367,-3.215992
mirian45,3,-13.4099865,-2.4430976
mirian_steinberg,10,-1.8364925,-5.02277
mirianbrasil,1,-3.6626847,-7.345977
misael54118,6,1.5661026,-3.0434318
mitidi,13,-6.1492076,-0.9851655
miudo,0,-9.509769,-6.3708153
mixbl,13,-5.962106,-0.6790697
mluizalima,8,-3.2400668,-8.227843
mmmsoares,1,-4.049655,-7.3462367
mmostert12,7,-5.181509,-10.082259
moa_teixeira,5,-4.3125157,-1.8786638
momocriaturas,11,-2.7339542,-1.6073709
monics,3,-12.110077,-2.6033654
moniquenr,9,-6.940965,-5.037054
moniqxt,12,-7.1695967,-3.2592793
monzonfa,7,-4.606686,-9.891975
moraesxvvvs,9,-7.849969,-4.4980564
morangos_doces,8,-3.0035455,-8.7137375
moraws,6,0.09366243,-5.075059
moschini,4,-4.736321,-5.1517572
movicarceles,10,-1.9207518,-5.0438867
mpaiao,5,-4.660436,-3.3046145
mrabelha,8,-2.251329,-8.602085
mschonen,2,-1.7610817,-3.7138462
msola-simon,1,-4.0279484,-7.2831483
mtanida,10,-1.8273845,-5.177768
mtingley,8,-2.8059614,-8.334918
mumudoscarlos,1,-4.6391544,-6.393734
muniz,3,-12.6736355,-3.3330734
murillops,7,-6.10758,-9.873889
murilo_durigon,0,-7.90225,-8.042642
myamasoe,10,-1.4390967,-5.2718124
mycologger,0,-8.008574,-7.926794
mythreesonsct,1,-5.6659517,-7.974025
naahalves,0,-8.0393305,-7.759236
nabyor,5,-3.883395,-2.6209977
naclara15,8,-2.6689947,-8.8519745
naghirniac,10,-3.3302662,-6.0409756
naiara_,11,-2.674765,-1.6525503
nanaka42,2,-2.660305,-3.372056
nancylomanhung,9,-8.102017,-5.4906974
nando11,10,-2.0856168,-5.2569494
nanre,8,-3.1923327,-7.8216286
naomi_sak,12,-5.774274,-3.420922
natalia11804,11,-3.1331418,-1.4199305
natalia_evangelista,5,-3.8007758,-3.3204374
nataliacarneeiro,7,-5.7889633,-10.749286
natalya_miranda,3,-12.713758,-1.9923329
natashacerettimaria,12,-6.210255,-2.7652264
natdrs,9,-7.474815,-4.584529
nathalia138,3,-12.437918,-3.0570002
nathalia_meyer,0,-8.451635,-7.009908
nathalia_novaes,13,-6.199543,-1.0287956
nathy92354,0,-8.9295435,-7.1856666
natricine_nerd,11,-2.6966207,-1.6177373
naturalist46279,8,-3.2426338,-7.8494697
naturaluhsta,9,-7.317632,-3.6800857
naturelove1993,7,-5.567501,-10.881433
natuxa,1,-5.644949,-7.893488
nayflor,4,-5.3707256,-4.427661
nbec,2,-2.702846,-3.39269
negromonte_ion,0,-6.631127,-7.543546
nelson145,8,-3.2313964,-7.4599414
nelsonnvf63,9,-7.323322,-3.8719904
nena35,2,-1.8360952,-3.5764208
nerbtis,10,-2.4152086,-5.6620097
niccoly,11,-1.6944194,-2.2164297
nick_cremona,8,-2.5383022,-7.3670416
nickgalli,9,-7.434458,-4.841215
nicohgs,2,-2.9477472,-4.318737
nicolacrockford,0,-9.610907,-7.1008883
nicolas_burilli,3,-12.712337,-2.975624
nicolebrown,2,-2.6214345,-3.441559
nicolelimaoo,11,-2.8672957,-2.5760002
nicolesantana,7,-5.9340053,-10.852088
nicollas-araujo,2,-2.1354973,-3.512495
nihcristina,10,-1.6848099,-5.090108
nikolas_navaridas,3,-12.299685,-2.4726036
nilsoncazorino,3,-12.849632,-2.6787553
ninhoninhoninho,3,-12.470431,-2.814835
njanuario,10,-2.3661456,-5.733506
nyura,1,-5.5811615,-7.8723783
nyxthecrow,10,-1.3597673,-6.580981
ob1963,7,-5.1027603,-9.937696
obsnat,0,-7.3811746,-7.3389206
ocautum,5,-4.354705,-1.4678099
oculi,6,1.553027,-3.055406
odair_almeida,3,-12.2746315,-2.5843158
okadaclara,11,-1.674954,-2.2045827
oliverioluca_srg,8,-3.4207354,-8.232019
onebadgloopandxedowhatiyoinky,8,-2.80518,-8.743699
oresho_,5,-4.5666614,-3.6752112
ornitorrafa,11,-2.6485963,-2.0532625
osantana,7,-5.898595,-10.651086
osvaldo93118,10,-1.3853338,-5.7408853
osvaldo_luiz,2,-2.452849,-4.795553
oswrod,8,-1.488949,-7.5297303
otakejame,0,-7.937193,-8.004551
otimar,10,-2.4607553,-6.230608
otsenreijuy,6,1.1496873,-3.2115414
otto_heringer,13,-6.242292,-1.0552411
ozthebard,1,-4.9929714,-6.448292
paalves,5,-5.222081,-2.507444
pablo357,4,-5.4113126,-5.146152
pablo951,5,-3.8611689,-2.6429954
padraicflood,0,-8.367974,-6.914086
paivabeloch,1,-4.8087378,-8.114915
palhp,1,-4.721208,-6.490451
palomahenriques,7,-6.0222635,-10.593333
pamela858,12,-7.254101,-3.4923928
pamlims23,12,-5.68484,-3.2062166
passrod9,3,-12.889744,-2.3027549
patatnature,1,-3.6502972,-6.0108895
patchfalcon,1,-5.611339,-7.885887
patihiromi,3,-12.418504,-2.693215
patoreos2001,3,-12.16351,-2.6521184
patricia143,10,-2.0775013,-5.2010026
patricia1646,3,-12.633657,-2.5742347
patricia_de_andrade_mota,6,0.24192618,-4.8176527
patriciajardim,8,-1.4398648,-7.5089145
patricianicoloso,0,-9.48218,-7.131687
patriciasperes,5,-4.5725784,-3.7804847
patrickperson,10,-1.4722598,-6.6087427
pattarian,5,-4.389295,-1.5844618
pattylomonaco,13,-6.2737665,-1.0078682
paulaprado,11,-2.7016652,-1.692568
paularomano,4,-5.427484,-4.63164
paulo195,13,-6.036541,-0.7480518
paulo317,9,-7.239493,-3.8805456
paulo512,4,-4.547408,-4.9435005
paulobambirra,7,-5.969318,-10.638238
paulomoura,9,-7.228647,-3.8106189
paulomuzio,7,-5.0934744,-9.982939
pauloricardoberti,0,-7.949711,-8.0668545
paulovaccaro,10,-3.1202614,-6.234771
paultavares,0,-9.653796,-6.921287
pavelned,1,-4.783834,-8.122182
pealan,3,-12.940482,-2.6834888
pecardoso,1,-5.181081,-7.311814
peccza,2,-1.4688497,-3.6895022
pedro-august0,1,-3.3378675,-6.1779265
pedro1305,4,-5.938688,-5.7475767
pedro32630,13,-6.0606766,-0.8041381
pedro411,13,-5.9025636,-0.71375406
pedro_augusto_janini_de_oliveira,0,-9.339588,-7.1236057
pedro_cardim,10,-1.3426292,-5.462863
pedro_lafin_,5,-5.0188575,-2.48236
pedro_medeiros,4,-6.434578,-4.7947297
pedroabilleira,4,-5.448243,-4.3684945
pedroconessa,5,-4.4484735,-3.633336
pedrogfel,6,1.5170959,-3.1028352
pedromarga,12,-5.6394887,-3.4303858
pedromflt,0,-9.471808,-7.143618
pedromira,2,-1.5517665,-3.5679765
pedrosantosbio,2,-1.4889454,-3.5957434
pedrosantz,0,-8.40627,-7.0268974
pedrotterres,0,-9.556718,-7.119259
pedrozani,1,-3.8282766,-7.683197
pegambaro,8,-2.100723,-8.362459
peixoto,2,-3.1122985,-4.5491643
pequenojun,11,-1.6747069,-2.2055676
perca31,3,-13.013717,-2.9351192
persio_martins,2,-2.674523,-3.4393325
pesqu-isadora,0,-8.0344305,-7.738865
petrusradames,11,-2.9912858,-1.6148605
pfsmorigo,4,-4.787943,-4.739518
phfgomes,9,-7.115426,-4.877672
phorusrhacoslongissimus,8,-3.2797906,-8.433952
pietra_venegas,10,-1.6717844,-5.5008574
pietronovazzi,0,-7.3974257,-7.3437967
pignutmagpie,12,-5.687603,-3.2081761
pimwnta,0,-8.050953,-7.8683214
pinheirochagas,7,-4.6052732,-9.868671
pj37548,1,-3.7450883,-7.3096194
pokemonmaster2007,5,-3.8540027,-2.6422982
polly_p,6,0.2810468,-5.0396886
polvoxilofonista,1,-5.597347,-7.9213576
pri53457,9,-8.558681,-4.504614
pricsp,10,-2.364534,-4.937039
priscila134,7,-6.1615143,-10.307161
priscila28,1,-3.75401,-7.3947563
priscilafornitani,2,-3.3811605,-4.6365733
priscilariosmartins,3,-12.678461,-3.3566563
profa_nathalia,5,-4.83436,-2.1293602
professorrodnil,12,-6.2085967,-2.7782793
proko200,4,-6.458747,-6.798694
pseudocetus,12,-6.0300336,-3.4579048
ptrmaria,1,-4.044522,-5.8526793
puduserpeor,7,-5.828549,-10.79225
puodz,0,-8.908444,-7.14767
pvenhuis,4,-6.4406223,-5.6290894
quintas1,5,-4.6498566,-3.5584638
r-menezes,11,-2.6924577,-1.5700748
r14,10,-2.9762423,-6.1465154
raf94300,3,-12.749686,-2.7875454
rafael_frv,10,-1.3609098,-6.4751296
rafaela_falaschi,10,-1.2422609,-5.069155
rafaelcabral,5,-3.9287612,-3.1807275
rafaeldosanjos,0,-7.556926,-6.82538
rafaelmartins,5,-3.9162128,-3.1199822
rafaelmedeiros,6,1.5063334,-3.0976255
rafaelpaulutti,10,-1.437107,-5.423309
rafaelt,2,-1.5138657,-3.6509109
rafagarc,6,1.0001634,-3.2793608
rafalopss,11,-2.8831532,-2.5577404
rafarrinho,1,-5.120604,-7.263538
rafaspalding,0,-9.427301,-7.095899
rafelgonzalez,3,-12.188626,-2.0834346
rafitosc,5,-5.0701246,-2.4874291
raianenovaes25,7,-6.86957,-9.125233
rainhead,7,-5.1999598,-10.107188
rainninho_,10,-1.1120968,-6.0000367
ramon256,4,-6.077359,-5.9308686
ramonalves,1,-3.558479,-6.09362
ramonlopes25,3,-12.157133,-2.8057942
ramonzito,12,-5.291711,-3.9812455
ranirc,5,-4.546568,-3.686932
raphader,1,-4.0983233,-5.8055406
raphael_borges,10,-1.2573946,-5.371363
raphael_camboa,4,-6.3568635,-6.092553
raphaelanbraz,12,-6.05921,-3.5805314
raphahiroshi,4,-6.2716284,-5.9866576
raposina,0,-9.446772,-6.981692
raquelfacuri,1,-4.642257,-8.245482
raquelnb,5,-4.3165245,-1.5302961
raul_landgraf,2,-2.6232417,-3.4039006
raulguimares,3,-12.451514,-2.5465558
raviaraujo,4,-5.598096,-4.494564
rayanafeltrin,5,-4.3145595,-1.5402186
raykat,4,-6.1269827,-5.6414995
rbaratho,6,1.4613272,-3.0534942
rebecamaciel,8,-2.4739,-8.663015
regi_,5,-3.9648159,-3.2079337
reinaldocoelho,2,-2.625412,-3.5345135
remi_bigonneau,9,-7.5754404,-4.7427382
renanh,9,-7.440534,-4.127185
renanrc25,5,-5.05977,-2.359333
renata362,9,-8.111813,-5.3995743
renata7107,0,-9.341141,-6.437151
renata_laide_silva,10,-1.8770869,-5.078406
renatabeco,1,-4.566404,-7.7479815
renatahaga,1,-4.589496,-8.235539
renatalepage,12,-5.5020633,-3.9229226
renato189,12,-5.993061,-3.488338
renatohugo,3,-12.766067,-2.0412612
renegoncalves11,12,-5.664513,-4.1796536
renner3,4,-6.2794085,-5.701844
rharry,8,-3.4650137,-7.540706
ribeirof,10,-2.1245081,-5.253034
rica42,10,-1.8803482,-5.4113436
ricardo1179,4,-6.3951483,-5.9905586
ricardo371,5,-4.4995146,-3.758565
ricardo935,7,-5.886213,-10.815923
ricardo976,9,-7.8216467,-4.766291
ricardo_carrano,8,-2.673507,-7.1670065
ricardocarmo,3,-12.6774,-3.3715675
richardclocherty,1,-5.6327553,-7.9263573
richardyank,10,-1.8735336,-4.9518647
rinaaamc,2,-2.8128564,-4.3094807
ringmike,0,-7.636109,-6.7732873
ritasouza,4,-6.496441,-6.795838
rmairipora,9,-7.349137,-3.5906472
rmiyamoto,7,-4.567306,-9.877094
rmunhaz,2,-2.5266137,-4.4856033
rob21,0,-8.317705,-6.9397817
roberta312,8,-1.3527155,-7.3587236
robertaale,0,-7.5003705,-6.5004835
robertaboucas,10,-1.3743416,-6.498056
roberto815,1,-5.646648,-7.954185
roberto_guersil,1,-5.4560323,-7.7487073
robgrss,1,-4.546483,-7.912353
robinjames,1,-5.21595,-7.224576
rodjam,9,-8.632839,-4.4604244
rodolfosena,0,-9.33947,-6.818113
rodolphsartin,1,-5.1782966,-7.2959228
rodrigo048,2,-3.392587,-4.6206446
rodrigo103,10,-1.6403512,-5.0896974
rodrigo5757,5,-4.4830055,-3.6920962
rodrigo83447,1,-3.5770867,-5.999658
rodrigo_boschini,8,-1.5057273,-7.524884
rodrigo_lazaro,4,-5.0096903,-4.394804
rodrigoaleixo,4,-5.472601,-5.053451
rodrigoalvesdeoliveira,0,-7.9419537,-7.9295454
rodrigocapela,0,-7.8731546,-8.02196
rodrigocastello,6,1.0605795,-3.2726967
rodrigodios,10,-2.0488834,-4.8337717
rodrigomutuca,8,-2.4738555,-7.5782847
rodrigosapienza,11,-2.7909973,-2.9355373
rodriguerz,3,-13.343768,-2.3980095
rodrigusleitis,8,-2.5605268,-8.337808
rodrisousa,4,-5.0467834,-4.7468624
roe_brasil,4,-7.016145,-5.6663895
roforlani,7,-6.174229,-10.436892
rogeriomachado,10,-3.0806997,-6.1476293
rohang,1,-4.065828,-5.7817388
rolandisimo,9,-7.310829,-3.791496
romaobio,9,-7.9617906,-4.616497
romeu2,4,-6.6048503,-5.5937343
romulocenci,1,-3.6393487,-7.366524
ronaldo_g_lebowski,5,-4.967738,-4.0101504
ronaldobarbatana,1,-4.6737914,-6.9243517
roneymc,2,-1.4947661,-3.6519873
ronissouza,3,-12.622628,-3.1625273
rosana3355,4,-5.127953,-5.57825
rosana45,4,-6.1235213,-5.9950414
rosanepimentel,4,-6.000935,-6.499285
roseduf,3,-12.89866,-2.6085787
roziane,12,-5.8606544,-3.3775902
rponciano94,8,-2.697675,-6.992179
rrocharibeiro,11,-3.1615872,-1.4693615
ruan_araujo,8,-3.3491497,-8.459854
ruansalvador,6,1.5432239,-3.1062973
rubens_miranda,4,-6.2603326,-5.7846737
ruteprof,1,-4.700571,-8.158151
ryanoliveirafagundes,9,-7.305408,-3.8317015
s_13,10,-2.090258,-4.8950043
s_biia,2,-2.6924489,-3.3274841
sabeitum,0,-8.332876,-7.031956
sabrina747,4,-5.445156,-4.99446
sabrina_mayumi,11,-3.1364973,-1.4597877
sabrina_vargas,4,-6.046187,-5.56347
sabrsz,7,-4.588429,-9.933333
sacred_ibis,10,-1.7430005,-5.3916097
sah_veiga,4,-5.4991384,-5.010111
salamanderz,0,-9.512231,-6.557691
salvador_ayala,0,-7.9752564,-7.891918
sam072,7,-5.7323327,-10.809851
samwilhelm,3,-12.512793,-2.4501472
sandiamant,2,-2.8836234,-4.318906
sandra164,1,-4.577319,-8.266918
sandra2071,3,-13.096248,-2.3845124
sandragasp,3,-12.613672,-2.1428857
sandrapaulino,9,-7.887687,-5.308575
sandro57,1,-4.9871626,-6.4387937
sandrovonmatter,5,-3.8822849,-2.659346
saraanjos,5,-3.869622,-2.6128604
sarah_rocha,7,-6.868143,-9.0793295
sarahrocam,3,-12.622927,-2.146137
sarahsalviano,11,-1.6652018,-2.2046592
saulechev,4,-6.490787,-5.9036055
sayoicometti,1,-5.0861683,-7.379094
sbzarur,9,-8.541212,-4.517424
schamall,3,-12.718947,-2.735923
scottmatzen,4,-6.4557,-6.802519
searcherale,1,-4.753951,-8.227961
sebastianarayasegovia,10,-2.4706402,-6.070196
sebob,5,-5.0756626,-2.4845064
sergcat,9,-7.7060366,-4.872826
sergio9914,0,-8.324222,-6.944577
sergioizidoro,6,1.5185614,-3.0633907
sethra,1,-4.2373533,-7.6402254
sg7002,9,-7.135595,-3.7593281
sh_rodes,4,-5.3521376,-4.509159
sheila450,7,-6.099249,-10.342037
shinjiw,0,-7.477859,-7.203603
sidneyteixeirajr,2,-2.5118785,-4.741794
silvio7,11,-3.0864635,-1.4827461
simon_graesboell,9,-7.91193,-4.7056875
smatticus,8,-2.4645014,-8.477928
sofia_marino_siqueira,8,-2.7603736,-8.727564
sofiabonato,7,-5.9213166,-10.739711
sofiacasali,1,-4.5524344,-8.209399
sofiatura,3,-12.187974,-2.6881933
sofiuras,6,1.5802,-3.129781
sol25,8,-1.4816663,-7.543419
sosaguirre,8,-3.5545056,-7.7712593
soso12010,5,-5.036134,-2.4510188
spinachpapi,0,-8.021104,-7.76819
sr604,8,-2.9300132,-8.653166
stan9564,11,-2.781745,-1.6070964
stefanicaldeira,1,-4.0397305,-6.0089297
stefanvdakker,9,-7.9653397,-4.5959034
steinhaus,1,-3.6549652,-7.335077
stelladauer,0,-9.031966,-7.094707
stellalps,7,-6.892849,-9.096634
stephanieteodoro,13,-6.026208,-0.7450368
stephannesmiths,4,-6.407143,-5.8748875
stevebrazil,7,-5.7056336,-10.886477
suely57933,12,-5.484839,-3.932327
sunny1az,9,-7.754461,-4.4911237
suzanaursi,10,-1.4209846,-5.320962
suzetteildavilarinho,0,-8.388686,-7.0440226
suzie_,0,-8.139571,-7.5499783
t254803,9,-7.912924,-4.1228347
tadeuvicente,10,-1.6909574,-5.13633
taguato_guassu,4,-5.4179025,-4.603
taina_t_furtado,2,-3.2119386,-4.626367
tais75398,8,-2.3695536,-7.5953884
tales_casalta,6,1.0913881,-3.2584143
talita36,12,-6.013581,-3.386563
tan_ia,1,-4.646816,-8.215148
tatianamiyake,7,-5.93629,-10.812356
tatiejoseoka,5,-4.5493064,-3.8194926
tatyana_kolesnikova,12,-6.1662436,-2.7504232
taynaracandido,1,-3.8459806,-7.353275
tegholmes,8,-2.4405015,-8.680799
teresacoelho,13,-6.237906,-1.0780185
teuctzintli,1,-4.863661,-7.5384502
tfalotico,13,-5.9778194,-0.64066637
tfrancoy,11,-1.6383427,-2.2404122
tg_h2,9,-7.3261046,-3.706565
thainaaltafini,3,-12.521472,-2.031111
thainagelli,12,-6.47305,-2.8673337
thais75092,5,-4.477408,-3.687871
thaisueda,8,-3.0194,-7.392636
thaleshteixeira,3,-12.217006,-2.8948567
thaynna,1,-4.524222,-8.298787
thaynsb_,0,-9.604567,-7.0309725
the_chosen_one2,8,-1.3390495,-7.309563
thegiovannna,0,-8.001101,-7.5552626
theohtempi,8,-3.211624,-8.121438
theolima,8,-2.7346888,-7.2391996
thiago19,9,-7.1438675,-3.7577522
thiagoantunes2018,2,-1.5102954,-3.7816632
thiagogasp,4,-6.2742805,-6.197603
thiagold777,9,-7.7308335,-4.5443096
thiagoo110907,6,1.5341594,-3.0422966
thiagoprosa,3,-12.956548,-2.2771082
thiagowf,8,-3.3459136,-8.3638115
thierrybalafina,2,-2.7789907,-4.348385
thintropidi,1,-4.9136124,-6.996618
thomasrebling,3,-12.319471,-2.7042987
thomass2,1,-4.0100236,-6.0638433
thoshio,3,-12.077515,-2.6027186
tiago_freitas,13,-5.9216094,-0.60375816
tiagolubiana,4,-5.185009,-4.358257
tiagowhately,1,-4.3089585,-7.159242
ticoswildstudio,9,-7.0851107,-4.6325502
timhirsch,4,-5.530787,-4.9078884
toliu,5,-4.730464,-3.5934005
tomaz_melo,5,-4.4383006,-3.7363858
tomdriscoll,9,-7.776379,-4.689145
tomie,0,-9.475419,-6.5638585
tomkyee,7,-4.9188795,-9.423299
trfsinani,0,-8.121388,-8.033316
trutankamon,1,-5.1450753,-7.340742
trystnw,11,-1.6600814,-2.2162263
ttls_x,1,-4.655139,-8.230919
tubarinhotubarao,7,-5.116891,-10.050331
tudopradarcerto,0,-9.457277,-6.4318366
typicaloldworldpigeon,10,-1.395816,-5.8624024
udcmrk,1,-3.6566024,-7.311174
uedagrill,5,-4.3564296,-1.5319475
uheise,7,-5.0869527,-10.074546
umhectareoficial,10,-1.3916426,-5.4880185
urbanbio,4,-5.743572,-5.420228
urbinaurbana,0,-7.3036103,-7.396861
vacastro,3,-13.36032,-2.4647157
vagner1012,1,-3.4438016,-7.269544
vagnerbio,0,-9.507726,-6.773936
valdeir3,13,-6.225512,-1.1000869
valdineia,5,-4.5393023,-3.7096276
valentina823,4,-6.5921164,-6.120637
valerio984,2,-1.6682389,-3.6158617
valmoun,8,-2.7724342,-8.460336
van_rrangel,1,-4.652238,-8.117541
vanessa1519,0,-7.894691,-8.045589
vanessa_trally,4,-4.563123,-4.9408064
vanglezza_menon,0,-7.609415,-6.9458528
vaz-treehunter,10,-2.4377835,-6.231194
velociraptor48,2,-2.604291,-4.414556
vera294,3,-12.472635,-2.317807
vera_lelena,11,-3.1967254,-1.4849372
veralelena,8,-2.2700825,-7.8909006
vergacas,13,-6.018909,-0.796276
veronicacantarella,0,-8.177169,-7.481541
vich_66,3,-12.51551,-2.553806
vicogm,1,-4.9131937,-6.339501
victor1passaro,3,-12.269552,-2.6326413
victor2130,10,-1.5578594,-5.7870893
victor65442,0,-8.332965,-7.0356345
victor_kenzo,2,-3.3178964,-4.668521
victorbeccari,4,-5.259881,-4.508732
victorevaristodossantos,9,-7.172018,-5.49534
victorghirotto,11,-3.2853973,-1.5931149
victorgomess_,4,-4.714325,-4.5761876
victoria1580,8,-1.5573479,-7.616818
victoria33216,9,-7.110768,-4.9480114
victoriau99,3,-12.831129,-2.031536
videlzinha,7,-5.082056,-10.021712
viegasrafa,9,-7.412085,-5.0370693
vieira55,9,-7.750945,-4.582461
viivi5,7,-4.514684,-9.801996
vini273,12,-5.9317064,-4.214376
vinicavalheiro,1,-4.6119666,-8.194012
vinicius_tesch,3,-12.409332,-2.6077487
viniciuschagas,8,-2.851266,-8.258557
vinifranzese,5,-4.534517,-3.7481127
violeta_regnier_galvao,2,-1.8773911,-3.6227925
vitanyxavier,0,-8.032194,-7.6089773
vitoba,1,-4.422604,-8.358115
vitor1213132,7,-6.8834324,-9.1151085
vitor154,9,-7.4317174,-4.682252
vitor177,12,-7.1043677,-3.218581
vitor32006,3,-12.618802,-2.5890923
vitor35571,0,-7.923132,-7.8832393
vitor_nascimento,1,-4.696291,-8.156881
vitor_sagui,5,-3.9429452,-3.1660945
vitoranjos,10,-1.5836421,-5.0545883
vitorcarrillo,12,-5.342408,-3.960338
vitoria114,0,-9.461303,-6.460141
vitoria_nogueira,3,-13.421049,-2.4703727
vitoriafrias,5,-3.9394662,-3.2452602
vitoriamedina,9,-7.2153735,-5.054778
vitormilanese,4,-6.8144064,-5.655718
vitorolivelraa,1,-3.8710365,-7.387108
vitorrolflaube,4,-6.3440905,-5.979873
vitulogia,0,-7.3762403,-7.3739314
viviane92,4,-6.0846505,-5.975227
viviane_picoli_boratini_crivoi,5,-4.34961,-3.8935006
vivianek,10,-2.4181452,-5.657655
vivianeribeiro,3,-13.038775,-3.100379
vivinat,1,-4.418573,-5.977661
vmanoeu,11,-2.6682637,-1.6662865
vmluce,13,-6.1150694,-1.1500113
volpe00,4,-5.468667,-5.632152
vozrozhd,7,-5.9742994,-10.572903
wafflepill,0,-8.2700405,-6.9684587
wagnerflorentino,7,-5.4960985,-10.7675085
walber6,0,-9.553046,-7.10378
wanderson_salazar,0,-7.815086,-8.1930485
wanfredo,4,-5.7189603,-5.983788
washingtonsarago,1,-4.831647,-6.4460354
waspboy,9,-7.313673,-3.7191005
wbsimey,1,-4.1970997,-7.469321
wenderlima,4,-6.884307,-5.650468
wesley87,8,-2.175924,-8.379211
west_wind,3,-12.84703,-2.641748
willian2540,8,-3.3758981,-8.129337
willian97350,8,-1.9577769,-8.200154
willianjames128,10,-1.5320668,-6.61229
willianjames7,8,-2.682419,-8.485301
wilmaxavierdossantos,1,-3.7432687,-7.2148786
wilsonfranca,10,-1.3846515,-4.938602
wim24,8,-2.698251,-8.845326
wonderlandy,12,-6.1235867,-3.2942073
woogi966,10,-1.9161304,-5.1780663
workinggardens,1,-4.5518765,-8.2309675
wrthxr,10,-1.1034476,-6.0104866
wsechrest,7,-6.914657,-9.108688
wyckyd,3,-13.47184,-2.4709988
xenomorph17,6,1.5288767,-3.0520318
yami42,1,-4.0618367,-5.919472
yana_tsay,4,-5.224967,-5.6352243
yanacypimentel,0,-9.115056,-6.9642463
yanlima,3,-13.3346405,-2.5387495
yanmarrese,10,-1.6069056,-5.5156264
yaramouranatu,2,-3.3127358,-4.7048535
yasmin4429,7,-6.134205,-10.325296
yomarcus,7,-5.541478,-10.915492
yone1,6,1.5495933,-3.0937562
yoviajo,7,-5.7007284,-10.797201
yujin25,13,-6.0290475,-0.78289086
yukiinoue,11,-3.1577566,-1.4507066
yuri43,0,-8.156283,-6.9078093
yuriemanuel,8,-2.2343106,-8.603592
yurigabriel,0,-8.06821,-7.6474285
yurillyn,0,-8.312516,-6.977537
yuriumari,4,-4.594985,-4.8209624
yuushimada,8,-1.4752947,-7.47548
yvhun,6,0.33229068,-4.9754696
zamoner_maristela,7,-5.2220945,-10.145745
zedenil,0,-7.6144614,-6.9381504
zeximbico,0,-9.453322,-7.083878
zihan_cai,0,-9.545488,-7.0513115
zilezi,12,-7.120178,-3.4749248
zjesko,0,-8.764569,-7.022995
zoodothalis,1,-5.114062,-7.3880854
